mfcc_mean,chroma_mean,melspec_mean,lpc_mean,pitch_mean,centroid_mean,bandwidth_mean,contrast_mean,rolloff_mean,song_id,valence_mean,arousal_mean
-0.3854022,0.52462786,1.6871926,-3.2127774,110.82185699822485,1869.3091891979457,2466.9146440160284,21.554636169304437,3858.902817838917,2,3.1,3.0
2.1776109,0.69554746,2.5350573,0.000604116,66.48985634703732,1025.8127043210586,1884.5094288122993,21.970607061441704,2135.163188277087,3,3.5,3.3
3.8202693,0.50736016,5.499045,-14.178497,109.984262598101,1893.3908075840543,2572.4778917704907,21.965985202118624,3891.6407637655416,4,5.7,5.5
-5.6448026,0.4045135,3.4810023,-3.4401834,132.84095467739834,1869.4514465678485,2700.870513723971,24.468947785118807,3683.4424955595027,5,4.4,5.3
6.864057,0.6145958,10.889381,8.055525,84.34669629683437,1237.7066326149557,2193.0367108818764,20.84902824790834,2721.0672287552698,7,5.8,6.4
-1.4838923,0.5393,2.7709055,0.0021652807,89.71772183665271,1454.7955214205358,2058.6492623979498,21.200312807723016,3086.998003106279,8,3.2,4.8
-6.5483956,0.3533826,0.74517465,-2.572441,229.53605045578547,1747.1921400932006,2256.187431502026,23.16123035722679,3593.7042378522297,10,4.0,4.7
3.6115353,0.54311293,8.354193,0.0012110197,100.89181790555172,2423.9797826769886,2954.7608373692437,21.09241412114248,5300.843132904371,12,5.5,5.8
-3.4274054,0.44664413,2.8098676,0.023800006,133.95138305322655,1890.3117356343384,2841.9917157986683,25.042985909846248,3893.1606390059906,13,3.2,4.0
3.5757673,0.47794968,7.008981,0.0005423656,118.64002889132894,2093.7867821443374,2676.278718574088,21.781844936791003,4549.944530729976,17,4.4,6.0
-4.3479214,0.4189581,0.78552866,0.0021416133,119.78462134516205,2273.8456323688215,2783.617872681965,22.865550186798924,5018.798535611271,18,4.8,3.9
6.3922296,0.5510523,7.5765533,7.889133e-05,76.32061598349671,1974.370936248248,2660.9424208498895,21.087550494722258,4325.538410301954,19,5.9,4.3
1.1873852,0.4566606,2.3177972,0.00051377714,175.86197331200057,2846.1545961848983,3477.159066123772,21.866987053850114,6193.083925399645,20,5.4,6.5
0.54224235,0.4146928,5.8893127,0.20974511,101.86026196404366,1847.0176023019985,2545.0366757419038,23.65355562120899,3865.193033059685,21,6.6,6.3
0.8194985,0.51674074,2.2118683,0.26568297,102.32633303013819,1699.6557451894166,2281.387194270688,20.89446423974356,3380.5117673179398,22,4.0,4.8
-2.8290544,0.35345078,3.6162817,-11755.767,169.19149143627487,2252.994816232303,2857.7957690598923,22.326304391398075,4561.299090303972,24,5.3,3.9
3.3742971,0.55676025,2.7219658,0.0045412136,126.2150402906347,2661.011133407391,3034.736460061058,20.74830259657433,5377.485023297093,25,7.9,4.7
2.3069644,0.48748088,2.4854782,0.0011647756,116.69606453763785,2694.7625370339406,3167.075300125377,22.351742286833343,6197.640985790408,31,4.7,3.8
-0.82821566,0.35307518,8.700788,-158786.77,266.65923595686337,1707.0535611844068,1525.4970205316874,22.273690934604378,2800.993561278863,32,4.2,3.3
0.0024903386,0.35561743,8.477756,-2.496951,196.0693613688434,1990.9859968643432,2729.6190906237402,24.525320942733828,4193.584905660377,35,4.8,6.5
2.1330805,0.5243968,3.2232013,-0.00048180384,106.78502380399884,2356.9478674266475,2935.7620697207863,20.500338332571523,4763.110568383659,37,6.6,5.3
-1.6763871,0.3749834,4.602014,1971.8368,305.3135689338072,2570.564315409685,2320.1005043675136,21.89091349093074,4613.390281783892,39,7.3,5.4
-1.8614863,0.4857267,1.6331402,0.0067251464,103.48773235793624,1724.949140814792,2478.4851290510037,21.48118396261961,3605.4106548279688,40,4.6,4.8
2.1754518,0.5203638,3.9097695,-478296930.0,108.65954161895013,1657.529163952918,2114.651652495988,20.13618416075249,3141.490896980462,41,4.3,5.1
4.6793737,0.5762835,3.0723119,-3246.872,97.4561628309009,1790.393495291742,2387.1231588316036,19.32263116248942,3508.8032859680284,42,6.1,5.1
14.263111,0.51265574,33.23557,-53718.758,76.40237881930614,1809.3328843238114,2149.089743309694,20.065679996562526,3584.5304174067496,43,6.7,3.5
-4.0302005,0.43986118,2.2173395,-0.059543975,135.00202031688377,1710.3361166323255,2462.267929453878,22.815029062393574,3386.856127886323,44,3.9,4.9
7.427698,0.42987022,15.832003,-35337867000000.0,162.84158935698926,1320.392319995486,1285.9626265153895,20.467320761308198,2504.104725981806,45,5.1,2.1
-2.3605402,0.44602737,2.4122384,2.8899083e-05,145.20038581740522,2113.211257723757,2644.852787075467,20.865101242221115,4431.144538188277,46,5.3,4.0
3.452315,0.5820625,2.9440272,-284149.03,79.18765716128289,1723.7684864422256,2271.493786842211,19.64169469385386,3583.009547069272,47,4.4,4.4
1.1697148,0.595268,1.6290576,-5073960.5,83.18415065751854,1853.776440703954,2341.837842377483,20.549774237843742,3565.269760213144,48,4.5,4.8
-1.0644778,0.40932068,7.7647104,256.81027,151.96728395391415,1471.7598786119063,2035.984318670306,23.89587371710451,2593.7597071222544,49,3.9,5.3
-4.889299,0.5339705,2.805918,0.011601925,108.28641988528132,869.8779005739724,1447.5772013733615,23.422095984197384,1701.5198579986688,50,3.6,4.8
3.2479684,0.54597974,3.5428355,4.583932,80.29845335255055,1170.5140128102394,1817.103014679003,22.60693890703727,2372.2228393690293,51,3.6,3.2
12.680717,0.5165377,25.928177,301140.8,104.56332487835132,1730.5551231362756,2265.810019536297,21.67305400616296,3673.236077213224,52,4.6,5.1
-2.2387967,0.46386373,1.5213163,-478101.34,98.15888145699056,1625.9081606335346,2270.1078218595735,22.298237988356824,2943.7097847792325,53,4.3,5.1
2.5464184,0.6073786,3.346235,-0.00014319786,81.26359819400605,1282.064598264504,1884.4024811287481,22.372385062913807,2486.173401420959,54,3.1,3.3
-6.2318435,0.34513918,2.4361842,-1047763.3,177.42445839132827,1254.1947962692434,1306.4637370508287,22.062440229356984,2344.8323712255774,55,5.8,5.4
6.905046,0.40503362,8.758587,-5.1723423,125.11783826586739,2162.8199858058847,2562.115031935513,22.363270154296064,4049.661637452851,56,6.4,5.8
5.548491,0.49831906,6.0654464,1.4657857,256.85785474138106,1691.401374842909,2337.8449557884833,23.319425371125664,3535.5406305506217,58,3.3,3.4
8.938035,0.44373432,17.854961,184412.06,108.39133679589764,1754.0869403169747,1942.3156256766504,21.035921449150084,3380.5672735346357,59,5.3,4.1
-1.591319,0.5056024,1.5235795,-62447840000.0,98.0353504608427,1728.620816038383,2276.034766741432,22.119511271469182,3478.322609274462,60,4.3,6.4
-2.6856961,0.42183372,1.7642798,-222714.34,216.28734785182522,1951.8740389177674,1726.0719063245976,20.56955400653576,3420.3128466829376,62,6.2,3.9
2.523514,0.5100908,2.087099,0.05158307,89.97672758042744,2178.291841432493,3023.560849590726,20.41364856368708,4732.543294849023,64,3.6,4.9
-1.459815,0.4830715,1.720988,0.010043364,139.12931260467073,2550.7604834502904,3007.6015361979457,21.105553370644863,5162.4944493783305,65,6.4,5.8
0.31704953,0.5056142,2.1262693,-0.2413184,142.80574947591916,2460.7820478179187,2763.3125041502535,20.641144610053566,5025.127579321056,67,7.2,6.8
-1.7136196,0.43531248,2.4929698,0.034079213,97.72143736255056,1595.5323046523097,2198.562341926362,22.779882429855338,3191.124916796095,68,3.8,4.9
-27.355667,0.36464816,0.20792188,-29470.625,182.05591672127377,1190.946053150623,1047.4611239298606,22.665541381028252,2363.573330374972,69,3.2,3.9
1.8366381,0.50386906,2.2822871,-0.010637283,94.70817114094096,2057.5735854912373,2757.393603550239,21.79842149394107,4167.4672731306855,70,4.4,3.6
12.792654,0.41094863,43.754078,91.43632,105.5859393355763,1807.1824236519265,2278.828229099166,21.05913738741451,3601.4043072824156,71,5.9,3.7
6.0644116,0.4654523,7.5742464,0.000629699,113.28023191077816,3030.0660297408785,3196.6343683613086,20.91923381628651,6327.296427779011,72,6.7,5.6
1.1826109,0.46062815,4.460719,0.079995885,146.18039158700225,1715.5658741590646,2504.7793025468904,23.990316690792763,3241.6574217883294,73,5.8,5.6
-15.24617,0.462955,1.3556635,74.62635,185.73882839418837,1816.7983593380166,2113.5221983979836,21.31252179531403,3363.360346358792,74,3.0,4.3
8.090649,0.63357043,15.199206,94545750.0,83.24738496785079,681.5591803719664,1061.7596133209147,19.060439227597236,1278.2471136767317,76,4.3,3.2
4.88768,0.4553388,11.746887,74577.055,130.26428941392794,2025.1214070589137,2396.620572679971,22.414363998510478,4234.025310834813,77,4.2,2.9
-4.3875046,0.46648616,1.6698407,0.00057605136,144.2760722593065,1681.6721555705099,2797.1192360398445,23.33452655451861,3113.4269538188278,78,3.4,3.9
-3.0889862,0.4715071,1.0417619,0.0015195792,143.60834533810964,2845.3350900333435,2900.1907930252937,22.44278396679639,5762.982904085257,79,5.5,5.5
1.990525,0.5873017,6.767244,-0.00040450462,94.92191922034931,2242.2729016874723,2703.640214712693,19.821781015809563,4737.11448857333,80,6.0,5.1
12.367701,0.49866116,19.71212,3576073300000.0,99.76097038376652,1995.6828548310086,2427.9830540627736,21.56736222840618,4205.295293072824,81,6.1,3.9
-3.047617,0.37510562,3.6645539,-0.711268,167.97912277812927,1714.6769702398326,2787.4850349101134,25.02384737884789,3688.321492007105,82,2.9,3.5
-8.103096,0.45840222,0.41024718,-0.5802764,129.1770716045291,2812.2220052519033,2716.6373940523263,20.82320176074013,5422.851909413855,83,6.1,5.8
2.4333246,0.4827075,3.125033,-53794.477,115.53889095605022,2485.7523069664826,2582.3773008192848,20.972493694060685,4904.676059463058,84,5.9,5.6
0.80744845,0.53874516,1.3234271,5.2344437,88.3890146659319,2465.573679601303,2929.1968569527653,20.84261435654353,5407.8985346358795,85,7.1,6.2
3.060566,0.58755153,3.3668141,0.0013830134,107.18326372337447,3766.9419623945982,3893.7017620807414,21.3091224117576,8175.493676503217,86,5.4,5.6
7.761459,0.52454716,15.442009,-8565422.0,111.44381305890653,1109.2363525088113,1298.23960372514,20.052873894976432,2148.097404038163,87,5.3,2.6
9.003517,0.6063743,10.475987,-0.11666562,81.8414119785244,2159.6679091198203,2810.4331774962025,20.654735032176223,4697.8963143872115,88,6.7,5.5
0.42100626,0.49736744,2.029512,-23590.248,91.03952854219433,1547.1693219015615,2065.1060908913687,20.348752832596553,3072.8145107610385,89,4.5,4.8
1.2319844,0.5895126,3.215939,0.00022610792,87.73270097447144,1948.8332549835834,2974.666364986655,22.14697582128928,4184.551808298203,90,4.3,4.2
-8.615433,0.6197405,0.5436239,0.0037338918,98.09607256994573,3001.331900591515,3209.974266256005,20.488224959280895,6300.416019525183,91,4.5,5.5
8.153713,0.43787727,28.599277,-0.07366936,116.02081373094622,2112.678103112809,2551.35557531864,20.46030281640887,4086.47659196805,92,5.8,4.7
0.5700089,0.44602826,3.4247928,0.00078936724,119.145361844162,2786.9946389961365,3350.2624056187606,21.763492437227058,6142.846836847947,93,7.2,6.0
-11.621159,0.43474293,0.2438985,202.06,121.64054915350994,1353.3016953722938,2004.4614699253132,24.49251365006038,2691.8182826714,95,3.3,4.6
-6.7879725,0.43896422,0.58629465,0.0011109847,135.549406188655,2824.043765729589,3262.659119545595,21.894257179690662,6242.852386237514,96,6.8,6.9
1.1958141,0.41093054,4.1135497,-19504200.0,130.27240065487882,1708.8138756813166,1696.020033606225,20.910856328413868,3191.1082760150875,98,4.3,2.7
0.8136566,0.48541754,2.178316,-0.4948974,91.10621223862205,1998.3704738946149,2534.9968586797318,20.94988108445917,3909.108570159858,99,4.3,4.1
-25.304996,0.36905208,0.2739486,14039635000.0,156.12204884191945,1210.151310719719,1622.7767196629566,25.21254519325214,2114.4774794763703,101,3.4,2.8
2.1356807,0.4594171,5.0509777,-271947.8,136.80743012595732,1344.1424142375606,1329.9924317574241,21.155924197713322,2599.0237408475705,102,6.5,5.4
8.879825,0.6224011,16.804962,-17.85413,89.754206035318,1022.5706567707973,1462.3225741815454,19.717958569102997,2090.3483470157535,103,5.6,3.3
7.2557993,0.549849,9.641305,-0.039830796,97.18191187247196,1979.948615249687,2345.2362179400197,21.26570145750473,3911.0661193698693,104,6.1,3.3
4.0479083,0.5127482,5.8933215,-0.00010130955,96.02932246550175,2325.4649713988097,2758.936862378065,21.248491756622478,4679.859108054138,105,6.5,5.0
-2.7347178,0.379751,2.9505298,-0.0006838028,135.57556078458416,1998.260235639454,2532.4588070509917,25.030647543526403,3783.8643428063942,106,4.6,3.3
6.7484794,0.47020176,10.92558,251513.0,108.81884134666062,1707.79964688325,1936.9399635252914,21.039289656553198,3334.702486678508,107,6.0,4.8
-6.419987,0.45509714,1.4586233,0.00077081646,148.66313612749593,3493.514421236056,3544.052682676605,22.2666259543915,7124.7114317425085,108,4.5,4.2
3.950997,0.40101305,26.513128,-8887810.0,150.07187991996244,1287.1940945819617,1712.3058597966317,23.264568062984868,2438.909857904085,109,4.4,4.5
10.926696,0.46345833,24.166878,-31508574000000.0,92.52352945422955,1167.7539697331736,1531.0282229723516,20.972099499329413,2150.4218472468915,110,4.4,2.8
-25.342113,0.36582723,0.31971443,-227040.1,211.46299131351432,1280.059220497936,898.6084546267537,21.429077811728238,2346.13121669627,111,5.3,5.3
1.1331133,0.3974828,7.9961967,-0.31119925,189.51314118239756,2506.027959046344,2712.176751813161,21.37933216682774,4855.722690941386,112,6.8,6.4
6.729468,0.5807037,5.4508505,12.580782,73.78131256251586,1659.1469285611145,2110.8843549757503,19.999386978692343,3330.300843694494,113,5.4,3.8
-4.0642734,0.42922878,1.2458347,0.12145351,122.07517912106704,1856.4753586831923,2555.8841364165983,23.154348285927103,3862.5055506216695,114,4.8,5.7
0.3842661,0.44027895,5.9739227,-3723700.5,264.1653228133848,2614.9699334120432,2592.969703447182,20.58241451435775,5003.855114266697,115,8.4,7.8
6.6534963,0.48312458,10.994645,0.00041231283,108.47820018189977,2150.763964353013,2930.834783048466,21.29268220023548,4711.532061238074,116,4.4,3.9
-19.180443,0.35806847,0.3567232,-3231563.8,228.84965615100077,1311.4353459422423,1586.2858515554228,23.10786406634287,2486.1986681465037,117,3.9,5.0
1.687104,0.635811,1.6658723,-0.00037734324,133.02376727152287,1916.9914515281466,2585.4523228065564,21.170215921194533,3967.850011093854,118,4.9,4.6
-5.6856546,0.40126014,1.2458429,-118785.266,193.00744100277132,1569.1352495551366,1264.9649226111244,22.592477794484562,2630.8741956955846,119,4.3,3.2
-13.35198,0.42869923,0.29774922,125.26356,150.98047746539302,1832.638075486631,2363.427020430511,24.07009578564288,3589.04481917018,120,3.8,5.0
-13.792617,0.35974583,0.82145107,0.00012687079,242.61754415936156,2760.688989564281,3053.3184912931265,25.32905485835124,5804.817939609236,121,3.1,3.9
10.2573805,0.4383423,18.048115,-15091.479,109.11672497116155,1745.7773641314488,2165.86452163496,21.780491881257042,3439.5052141113824,122,5.5,4.6
2.3702204,0.521358,2.0142634,-3984630.5,100.41481656780314,2403.7949926181323,2671.3571877804643,21.570466955211383,4896.293007769145,123,6.1,6.2
-0.34658116,0.40171888,7.3551445,52503.414,130.58600140341153,1228.6976402787095,1582.0100115149282,22.23324860805856,1990.447380106572,124,3.7,2.8
4.371949,0.41012415,9.041697,-30.328186,139.8896170210437,1240.5081174637567,1701.0953535079116,22.308693963448047,2380.9280639431618,125,4.5,4.2
-0.1586088,0.3736955,3.0545266,31.646425,126.51189230400368,1539.6629342655663,2310.6753079701557,24.092263840080182,2845.4126913689815,126,5.1,6.1
-22.373829,0.28505316,0.67036486,0.000741066,173.82055144084225,672.1106622191469,505.5176541660335,24.661092816850044,1008.925005546927,127,3.0,5.3
-8.445409,0.35305205,2.771397,0.00016912475,122.86467243596005,563.4660395067688,513.1945907079966,21.859189566108007,896.6773907255381,128,3.6,4.0
-1.7656097,0.38858572,5.0457754,0.0068118023,211.39488711145793,1392.179113041589,2119.219954924514,22.442886863143023,2660.2285333925006,129,4.2,6.0
-14.965228,0.4698043,0.91410315,1294.219,162.76219326381263,1254.1420462298108,1669.0034789235115,22.313249799544074,2747.3023978685615,130,3.3,4.2
-0.8111057,0.55316806,2.301757,-2.2925298,85.69970460132582,1647.1650964327557,2113.802901063032,19.93593879793881,3478.710894164633,131,6.1,4.9
-6.256818,0.3300803,3.2582047,61196.312,288.2936124146869,1062.1637422508259,1454.2653135361656,20.12216896303424,1908.692273534636,133,2.8,2.2
-4.1324115,0.47806066,1.3323001,0.000599421,168.2772133643572,2089.7293429879282,2504.029271756506,22.705519286253722,4502.473929443088,134,5.4,6.0
-24.14888,0.2567095,0.35000217,-173658.77,341.5916098966984,1710.4715348092775,1902.8794539463113,26.738168878494626,2955.691147104504,135,3.7,3.5
5.7939663,0.5354742,5.011937,0.00071099174,133.09061895980872,3393.0450006554593,3773.590463353238,21.47460160432663,7655.4229573712255,136,6.8,6.2
-28.042334,0.27849883,0.014463291,32789.496,259.9266524551799,916.4251275686621,996.1371226330998,25.142682490169683,1670.3541296625222,137,4.3,5.8
-10.354084,0.46010017,1.0245941,0.00076141267,151.68594983114326,704.4286045750852,849.9618336523492,22.348617022466314,1140.975149767029,138,3.8,2.4
0.9242951,0.5521203,2.4011195,9750.551,91.49599928059925,765.1114053778792,930.8679669686051,21.26247196816333,1543.4213445751054,140,4.2,4.5
-12.331413,0.3644802,1.0846599,-35742.01,117.95668547592123,957.518321165062,992.0891409129479,23.09433524245067,1764.338806301309,142,4.6,4.8
-22.197342,0.3487092,0.14734636,-129648.36,167.6746624350879,1130.8556420120494,1168.0001962084048,24.5989280185294,2281.84391651865,143,4.0,4.9
-9.7132225,0.3338076,0.89709044,-6029229600.0,145.9391297536434,1608.6679412173974,2062.7894926818162,25.270190429484842,3031.133436944938,144,3.4,4.7
-20.651068,0.30940744,0.73921335,798114.4,172.6347570500722,864.0015364275561,1085.3881845782505,26.261942416275595,1376.5593784683685,145,3.1,5.4
-22.639967,0.23678961,0.99676013,0.00037868752,301.6970395595393,588.5119341432348,714.2498233034373,24.633190634652774,713.9179270462633,146,2.4,3.5
-0.25452325,0.24755684,7.902729,0.0017478558,159.4125333772891,3680.221710306467,3894.6447692908114,24.560645196905753,8106.089031971581,148,4.7,5.0
-8.536296,0.48950893,0.8466124,-125824296.0,113.1632639024359,764.0871296018036,1126.194428718269,21.467008267256258,1257.6880408253828,149,3.4,3.1
-22.356394,0.2748097,1.8522452,38.386436,305.2871579352559,2091.8661091539793,1704.6560226473061,26.692349840096043,3576.6318827708706,150,5.0,5.4
-11.820799,0.37203947,1.0881658,-371.7007,147.02285793636358,989.4576008834382,1725.2936497285448,23.878595601730552,1632.865542489461,151,4.0,4.5
-6.721967,0.39883006,1.5467288,-0.0036039352,129.55635815386395,1962.8056578044798,2793.8504915291987,22.16102280726602,3980.4193476813844,152,4.4,5.6
-16.402311,0.28977585,1.1947452,0.00025409574,174.964317035613,623.7390591210324,502.8923757525186,23.03699243029528,941.1138229420901,153,3.9,4.5
-2.8422835,0.37041685,1.818671,40178.105,186.01228107800392,1149.9552193497163,1679.9663641134841,23.671755902385108,2023.3414688262703,154,4.2,4.1
-1.6673491,0.31071454,3.2683809,1.6703726,182.20558428676875,1274.7180252520739,2011.2756729218684,22.783876234965273,2343.987131129354,155,3.6,5.4
-1.2143917,0.40180203,2.418534,0.001041974,163.65874779582182,2723.1461311477024,3024.3069329400855,21.894528849638263,5692.528289327713,156,6.4,6.7
-25.945206,0.34218913,0.45809606,33713.086,188.33607549775226,1549.731565413622,1615.1108020127092,26.77271237382234,2873.7963168404704,157,4.0,6.2
-27.447655,0.24806488,0.49392247,-46.959816,245.14911146567556,794.1654482910533,863.781926207498,24.766015430741138,1136.9258930552473,158,2.1,3.6
-9.011475,0.4472435,0.3892107,-607.41595,129.7212691030401,658.1944061014734,1242.0678663202757,19.90636361518639,996.8604393166186,159,3.8,3.1
-4.364674,0.3840603,1.212896,117008500.0,137.70939336675485,1563.6832099044157,1999.4881070190538,22.279239178572208,2967.306412247615,160,3.5,3.5
-11.092019,0.47916335,0.50095224,-1068602100.0,106.3600825328745,994.7482073368077,1463.9632397759513,20.06315234794776,1755.1198136232526,161,6.3,3.5
-14.905376,0.28333917,0.98565304,233080540000000.0,138.3853327153549,891.3708885783777,914.3658944474507,24.76976081243563,1583.370312846683,162,3.7,4.6
-2.6212382,0.4858204,2.4085429,-13712.016,122.92948870821243,710.5746623229334,1051.5238591468985,23.483126936411335,1350.70445972931,163,3.6,4.5
-11.139424,0.2715246,0.86096,13823805000000.0,263.5943184431487,872.6857706581105,1256.753049447347,24.719007792098243,1304.2378522298648,164,4.1,2.9
3.0300462,0.43979827,6.8996296,0.0011496544,189.58334884537092,1914.0007351003815,2305.155923076076,21.406645716847887,4042.4783669846906,166,3.1,4.2
-17.933222,0.28443116,0.9637765,-29623.836,177.4783074589616,925.7850909486656,939.6861242768463,27.427454729815327,1721.5253108348136,167,2.7,3.3
-12.679058,0.32675233,0.81083757,-12166238.0,159.84636694801964,1218.048356083796,1268.8710571856436,22.189628847758158,1970.592806394316,168,3.3,3.4
-5.3164353,0.4950238,1.6466601,-1270.9602,124.97882636952804,973.8246689860802,1677.5384408183018,24.154790213662064,1692.2010206345685,169,2.4,2.8
-24.69676,0.34672987,0.2602331,-1728.9211,149.08542056890138,823.3776254029304,910.5063850617275,24.548107952564493,1404.2378522298648,170,3.0,5.0
-14.780925,0.38591644,0.30956942,0.00048724437,119.9296146484853,407.5695990209722,563.5420049874315,22.312903813954645,597.3818504548481,171,2.1,3.6
-0.14703384,0.45635888,3.604965,1441.7573,88.79043440038815,643.7553442392469,794.6142804767911,20.732620184041192,1141.457593250444,172,3.8,5.0
-16.660282,0.32299015,1.2055401,-303672.84,258.82192935709077,1128.1484519356677,1178.754518848123,23.291544393974224,1767.184379853561,173,4.6,2.2
-4.1291265,0.37836874,1.8202248,84281.734,113.58251620658196,1328.8245860681238,1646.632000719369,23.26861720687815,2520.6789438650985,174,4.0,3.8
-15.710193,0.31311557,0.7124771,-1008.8403,243.80840031698452,2385.191791046401,2174.432792550513,26.390604524739967,4264.438650987353,175,3.7,4.3
-8.761857,0.29922965,3.2252085,0.00014332797,239.97758936734323,432.52382625181906,412.3290434850855,25.156980805443347,614.3998224983359,176,2.4,3.9
2.3351016,0.4567652,2.1313908,0.00069246616,104.16649618614765,2653.1007590451077,3356.157462262715,21.560611719638484,6024.844686043932,177,4.8,5.6
-13.031192,0.31872925,0.34509245,0.019665131,145.82915499182954,3399.5033188068587,3761.433516140856,23.007258743792985,7669.053694253384,178,2.8,3.7
-5.28632,0.34535405,2.1220546,-7867901000.0,120.13892670527187,1375.8608718520863,1764.5525923389014,22.080909799276355,2373.0807632571555,179,5.2,6.0
-1.3294882,0.4637043,3.4193704,6.863129,112.1733170460672,481.4416151548132,656.6257541062589,21.897827356748817,870.0654973357016,180,4.8,5.9
-3.007567,0.4671059,0.80427635,3910.0647,134.84719749062631,1755.0581331907788,1867.7198388043223,22.852064016330043,3461.029085257549,181,3.7,2.5
-19.941853,0.3510159,0.3777806,-2283.9307,234.46123478396095,981.0858796765449,1241.4535053736543,21.224863214593633,1617.8444641668516,182,2.2,3.7
-10.843341,0.33408675,1.8603979,7.250676e-05,168.46606074733964,1700.3238399363777,1994.420196134438,24.30908312580983,3181.5176392278677,184,3.6,3.4
-14.923455,0.38742357,0.43630442,0.00039326915,121.10567010151121,926.0551690753433,1126.4265016971685,21.69801424366461,1675.5380519192368,185,4.9,4.6
0.16596866,0.5449191,2.876781,-0.000472243,95.10023947046295,1232.4432138518653,1734.907250525274,20.785190317428686,2492.006878189483,186,3.7,4.0
-28.563457,0.19966005,0.2769207,0.0018562491,362.6211608483933,927.0338179988494,709.3724967296333,24.36566645055863,1273.5966274683826,187,2.5,3.7
-4.175389,0.32602978,3.32374,-270.83368,190.51203859062366,1959.5363885884717,2705.5810835889906,23.411040429070262,3735.533614377635,188,4.0,3.3
-9.914415,0.4366351,4.525376,-733607.0,219.27203687053523,1983.3645647586077,1858.4649515138728,19.318667572426985,3442.201376554174,189,6.5,7.1
-20.681381,0.344913,0.77663034,169.89252,135.90639786313352,1365.1004841361273,1409.9763759684727,24.074430969202286,2605.028863232682,190,2.8,3.1
-14.729544,0.3083753,0.7390921,-335.37714,223.56334123464964,825.0037588551636,803.1370848680311,22.71636927630368,1423.4357665853117,191,5.1,6.3
-17.734756,0.27778408,4.237276,449.48584,265.62125169769376,1959.9465242963154,1839.1917802303515,24.857584020333395,3391.6962502773463,192,5.8,6.1
-2.5712843,0.32264617,3.1021073,-8.495454,143.92979146338786,2566.404588390243,3093.610867351109,22.201247604412032,5287.713651498335,193,4.1,3.0
-18.552252,0.30296144,0.6573964,0.0004494901,180.7581877575662,683.8617627515947,651.7951605510495,23.581794986398023,1080.4803638784113,194,2.7,4.7
-15.240079,0.27671552,0.37520644,38724.652,223.16579268020615,1213.2058863930793,1790.8298241548882,24.643677205833587,2074.3676503217216,195,4.2,2.7
-10.710261,0.26939481,2.8418758,-19115412.0,171.9493801152738,1299.1616873813605,1600.6694098139653,24.70546221828061,2209.7792323053027,196,4.3,4.5
-15.811285,0.26489073,0.87447613,0.0002380174,174.15116205502272,483.95518688857226,400.82630910387473,23.571159440804358,690.0033303730017,197,2.2,2.8
-7.3189025,0.41343755,0.73367304,88187.01,119.94442818926848,721.8304217997128,1225.516282580766,24.00019518612421,1213.3902817838916,198,1.9,3.3
-15.179751,0.26441336,0.31034675,-54682404.0,285.77830596256257,1917.0817907174787,2067.5362662158163,24.491282756821835,3471.6370699223085,199,5.3,5.7
-23.443867,0.26544884,0.668994,-131726.61,210.91822223367984,970.3713944903103,967.8579175966485,26.321380248064894,1809.4860124333925,201,3.7,4.8
-27.36494,0.26022923,0.6080077,-4804.6978,279.90970051563613,1667.0777707127886,1812.9340682756,24.515042892313698,2873.762211367673,202,4.6,5.2
-17.98547,0.19220465,1.3263106,0.0042707464,400.36742323543353,830.6199833010611,599.6598927619658,24.6446439854058,1286.90608348135,203,3.5,4.8
-4.4795194,0.5009172,1.3726934,-11101769.0,129.15718013625332,976.2870168294417,1349.451903575327,21.956947363151073,1969.599245115453,204,3.6,2.2
-17.81793,0.36164743,0.88604033,53314.992,112.93832900507186,734.7246806773143,667.5232496880204,24.151580542995813,1239.9267805635677,205,3.0,4.5
-29.083601,0.24477592,0.07158305,3719451.8,375.2695261581371,997.2744627112045,1319.767884252643,24.757197893549346,1601.6973596627467,206,2.3,2.6
-6.612472,0.42781502,0.9907649,-0.08119921,124.07206557162075,1449.3767649826477,2057.0397752590475,20.76662243652359,2893.9982249833593,207,4.8,4.8
-1.2695487,0.5127876,8.140592,-0.01113819,142.66659927039893,2240.101689967689,2902.4751318500894,21.560254582913597,4566.834923452408,208,4.8,6.5
-0.8368413,0.45365137,3.281299,-25.659105,92.65944892281755,570.6191107221902,818.3417072197705,21.312301976661576,942.6891502107833,209,3.1,4.6
-8.637324,0.37334237,0.42608318,-48576330.0,144.24201110625822,1363.9717545273083,1785.0469793196794,21.919652880102777,2593.4003108348134,210,4.2,5.5
-6.5803714,0.37626714,1.8216347,3263175700.0,138.32967814323953,903.306608534986,1282.9159852081027,21.645014413103766,1568.9775754884547,211,3.1,4.9
-9.74853,0.36162236,0.873431,0.07173428,128.76670793857406,1894.4763995949017,2433.027765393946,22.54468765007941,3736.3121669627,212,4.6,5.4
-18.012566,0.3346629,0.19094816,107.29036,191.65604421858447,821.5988380941214,1009.9468949553718,21.749360791032544,1282.7930728241563,213,2.6,2.5
-20.75108,0.29230043,0.52696073,-484842.53,192.56483958814496,935.350152832762,1190.0491872955622,22.71454620389552,1436.3822942090083,214,3.6,4.1
-16.00748,0.40297326,0.4874578,-125.05063,219.57491685381572,1053.9890192286102,1493.5793823017113,21.748046296963157,1907.3601243339253,215,3.2,2.6
-15.365061,0.27656883,0.41099423,-58133.777,235.72969723246908,1349.5874085380012,1651.486550778186,24.634116338042944,2377.7845573552254,216,4.5,5.3
-22.373243,0.28347686,1.6593086,-6986.505,344.88276911305275,2597.161797470297,2416.704192951986,25.949451070648013,4628.355890836477,217,3.5,4.8
-8.264896,0.27232805,2.8798616,-0.03748993,210.29835272687222,699.0438642519331,726.6261409138856,23.94831599337924,1073.313734191258,218,2.9,4.0
-7.913012,0.32859793,4.110717,352679.22,127.85976045425033,1076.2527067511128,1557.18734237192,23.469407436708696,1651.1212255772646,219,2.4,3.8
-8.266004,0.52639174,1.7023858,-62271.168,227.4970057374574,762.5930462962255,1075.27982610114,20.85914824517062,1289.6938096294652,220,4.1,3.4
-11.273669,0.31604978,0.93802005,-306298370.0,226.2484515934658,1556.339048062893,1953.5917180375789,24.52408645050399,2906.0668294849024,221,4.3,3.4
-8.364108,0.42629868,1.305195,15.754574,130.0822621520226,1516.3853684200712,2214.6885867191672,22.98585710012469,2963.151763922787,222,3.8,4.3
-10.865811,0.35080305,1.4391022,0.00017604862,135.22957536007252,446.69705715131414,387.8865543319274,22.885655629655076,652.0745506989128,223,2.2,3.5
-4.4323874,0.35419077,3.0016274,0.023041083,188.15386457257833,2550.324348951807,3021.7990312797315,23.143589376868785,4987.918792988684,224,5.5,5.7
-9.594944,0.38418385,1.3580794,274.80936,149.8722796784341,737.1713047004105,827.5579734684715,21.862656838164973,1196.1726203683158,225,3.7,4.2
-8.829045,0.41614157,3.4719563,0.0005629934,268.8550111857464,1940.7528503845392,2353.47265970231,20.887403894070104,4291.096802841918,226,4.9,5.0
-14.062275,0.31205913,0.7585887,-4464.81,234.4104179862097,1543.345630419414,1715.5086827678022,24.218477568144,2889.8990459285556,227,3.1,3.5
-0.28369734,0.4413581,2.9202933,70.85965,135.92830498203622,1649.8445164646573,2318.6095525729265,23.411343945299325,3468.5945825932504,228,3.5,4.0
2.1584067,0.43890452,5.1006346,144.55406,140.37588572221856,1735.5289007927101,1970.702797455005,21.89718651256025,3669.564011537608,229,4.8,4.8
-4.9991026,0.42249805,0.95003194,0.0006641379,120.87581070876419,1866.02616024256,2310.8703018571377,21.888333156058795,3921.1670734413137,231,4.1,5.6
-22.060368,0.3654539,0.18883593,-1196194.8,175.41753363559462,1655.9230253117569,1882.5785207640606,25.467638782279966,3068.665409363213,232,2.5,2.7
0.14961419,0.5211915,2.2699647,0.00086021423,87.29271282060385,2111.3006073560837,3080.329098387836,20.50041442101563,4833.392500554693,233,4.7,4.5
-25.841476,0.30434066,0.8366644,306400130.0,250.22488642842092,1342.6450485763655,1747.1708752560294,24.579890792584834,2148.9953374777974,234,3.5,3.9
-24.211468,0.2229067,1.0615585,-5351232.5,337.4872796820469,2043.1633238496,1722.9369115185457,26.359820339567406,3229.997781229199,235,3.0,3.7
-16.948994,0.38904747,0.21710281,0.0039091846,178.2780424601641,984.7321009581195,1572.863065677403,20.407627771189446,1580.6116785079928,236,2.5,2.4
-12.034673,0.34067956,2.205204,-1278111.8,179.9804423690218,2057.8759755729398,2058.8676320070012,24.465836242447736,3791.4078100732195,237,4.2,3.9
-9.802966,0.40222296,1.3897545,9.906177e-05,153.571966693303,504.73482409418983,493.00140446806375,21.45309945138639,839.2389616152651,238,3.0,4.6
-16.666552,0.22171195,1.687735,0.00020732042,284.5132994001413,481.2254002258001,471.706794115843,24.457776258176562,666.5742178832927,239,2.3,3.3
-3.0709884,0.38902864,5.926656,7.6243544,147.69888533683644,2421.086151481436,2606.832771617034,22.86364407312448,4917.938761925893,240,6.4,6.6
-5.762481,0.40432334,2.4884021,-48986.184,109.86626457504953,1133.346911264157,1519.2395762912656,22.217591002927573,2099.7947637009097,241,4.1,4.6
-3.3730173,0.49373576,1.2951049,72.18054,98.67835325887161,1726.3092584869817,2352.318109193468,23.414872377089264,3848.157193605684,242,3.5,4.7
-2.0916805,0.5081123,2.3090448,0.000613561,105.72132698103078,1068.7822893320304,1396.9764688804362,19.582768617812974,1953.469138543517,243,7.2,4.1
-17.156593,0.30323076,1.5286357,-426252.84,183.73658626255605,2089.4118495374673,1890.5203977353965,26.1506939549227,3474.4282859680284,244,4.3,4.2
-10.760323,0.3019961,0.35522744,238638.39,271.630772836909,1629.6244788354986,2085.131204234625,23.316946397744992,2944.9356556467715,245,4.2,6.1
-1.2620254,0.57807595,2.1449997,114692.92,99.66602059506046,1207.4118715788716,2147.6347884985926,22.20220395777746,2272.840808170515,246,4.9,3.2
-9.53461,0.36914968,0.7327298,0.006170566,164.75695440358237,2062.464109512748,2717.5276357388225,24.040309033109615,4534.934546261371,247,3.9,4.5
-9.480583,0.28513515,3.4874146,-0.45920122,213.76898543171035,1110.2520157166045,1216.48121985481,23.19359909535535,2019.7526070556912,248,3.4,3.7
-19.218517,0.32876104,0.15898049,1477.6747,234.19121364619403,1634.995778568865,1921.2283899299675,22.799956956655723,2961.387347391787,250,3.4,3.6
8.372263,0.34887776,25.155321,-9644.379,179.66526276772086,2119.5806782318264,2437.853967297471,22.763378750248073,4182.316396716219,253,6.6,2.5
-11.015339,0.2694381,3.125917,101724616.0,224.1553488599578,1010.9142477615235,700.7007984942808,25.04420088143721,1698.8954262877442,254,5.3,7.4
8.814733,0.47303763,13.753898,-29.597263,120.05277674137852,2366.6274603017782,2638.414446257346,20.817400568113396,4692.456179276681,257,7.6,6.9
-5.389238,0.34950742,2.3148937,0.020764241,197.2285382007635,2156.985104091295,3049.2280170108074,25.437225947996627,4516.662968715332,258,4.3,4.3
-5.186171,0.4379549,0.79867274,0.0009869864,129.50727845987777,2572.4628057550685,3177.516778324215,20.359188209901262,5552.2021300199685,260,5.3,3.6
-10.923911,0.33323476,1.1802077,2992616.0,156.66693042116418,1142.7479875273473,1757.5850979766149,23.601693188445065,1808.3259374306633,262,5.6,6.9
-10.034696,0.4268078,0.30508348,-0.012061779,146.54742484377257,1648.2791760282241,1916.939457158233,22.79900553154351,3146.239183492345,264,5.3,5.5
-28.215431,0.3176385,0.28914255,-2692.9495,291.7447659034557,3028.2859021134304,3283.936767454803,20.99970913094019,5844.957843354781,265,4.5,6.4
3.0537379,0.4566332,7.766451,-1.2380034,112.12402044539563,960.9903164425006,1718.1675697002186,24.845371416758724,1757.765697803417,266,3.6,4.8
4.6694565,0.5088973,4.997354,0.0007375754,96.85296970967748,2106.216738202437,3048.4826869771596,21.494216164137423,4771.793876192589,269,4.3,4.8
-7.81527,0.30356303,5.66521,-38356.188,171.80904765091793,854.0652576344656,797.1973540511477,24.226022097963956,1471.677390725538,270,6.1,7.1
2.06569,0.44689038,7.544893,0.0016958163,115.3369520673208,2014.4604755745197,2668.260367041988,21.354356635031966,4009.770436730123,272,5.9,6.4
-7.057087,0.3105645,1.3004322,-151791800.0,230.6588246589761,1771.0209426296628,2208.813649267434,22.19303942061543,3486.0383847348567,273,5.4,7.2
0.9683594,0.4582754,4.685271,0.0012740516,186.48327988732922,3089.5660932241603,3025.0253657897338,20.85625510532289,6083.209451963612,274,7.7,6.0
5.990853,0.58832824,4.627958,-830609.4,77.68793992892385,1698.6816910443697,2293.8717701976893,21.51795022704888,3617.245781527531,275,5.3,5.5
-4.8137,0.40282,1.780719,0.011927752,153.7353715384209,2490.096849973348,2754.6420268165557,22.150474020457946,5000.998446860439,276,6.1,5.3
0.5470661,0.47785762,4.240158,-0.89116055,112.73013023487268,1642.6312361025289,2365.36184898188,21.774250614856502,3420.043294849023,278,5.5,5.1
-7.924525,0.4364226,1.0275446,-9929.107,143.28092753251514,1929.8734890220835,1946.3514624243267,22.347468630219726,3266.4466385622363,279,3.6,4.7
-9.537826,0.2943376,3.0717678,26.630016,235.77456440585632,870.0819209822846,696.4550599380156,23.66630378056356,1520.503996447602,280,4.2,3.3
-22.207577,0.34063652,1.9046321,1176585.5,210.19754394180538,1040.8432646051353,800.5400292129768,23.305432101760296,1786.6119005328596,281,5.4,7.0
-3.540962,0.43290362,1.0046482,259.60968,127.42099835892661,2059.8934591699494,2451.026664759124,22.658552691589893,3913.6434280639432,282,3.2,4.2
2.68125,0.5594522,4.6449466,5963358.0,92.18336314893887,842.326566121037,1118.4736644706384,20.9234736183614,1686.4488573330375,284,4.4,5.2
-7.389585,0.42993894,2.0835917,-750895.6,139.38341639719883,1246.065891381659,1796.973826572686,21.714633060895384,2393.944271758437,285,3.5,5.1
-11.226877,0.30926993,1.3826932,-40.763596,144.25432331960852,799.0100202256746,773.2382526060883,23.770327673487383,1353.8235294117646,286,5.7,6.9
1.7381296,0.5507325,9.100208,34.090015,114.22315897407336,827.9913602055252,1779.2884548859556,24.83991594363902,1361.3954262877442,288,3.5,5.2
-12.098595,0.3257713,1.6346122,-130727.49,167.17370238176022,787.9508369804554,686.7390312661256,22.23036011549454,1303.372531617484,289,5.7,6.7
-11.98011,0.33366138,0.36179426,0.0002520669,173.64619831291637,697.2932935525445,997.4009084793862,21.475757648968457,1140.9136323268206,290,2.1,3.9
7.816956,0.456528,13.878833,18148500.0,119.5529328754639,2278.5204546459963,2521.435952736423,20.83779645661008,4486.299090303972,292,7.3,7.4
5.271141,0.5412014,6.527459,-13.450277,98.20697436458747,1852.3235946730927,2334.970061148534,20.199569595844103,4038.1739516307966,293,6.3,4.2
-6.4238043,0.33249947,2.2121851,591097.75,154.20088010215602,872.5587481494235,778.111181421657,22.061223870156756,1492.323053028622,294,5.5,6.5
-2.8445828,0.4745036,1.3221645,-25.482054,100.27655441428753,1698.3844514690254,2563.2860893269317,23.449498537477897,3665.880328596803,296,5.9,5.7
5.6675653,0.51391417,5.974671,-0.02348489,76.5698854152576,1273.6293283857287,2056.669698854207,22.478489406208144,2596.408747779751,297,3.1,3.6
1.519898,0.56610835,2.9973028,5123786.0,90.99762107023108,1271.136967883374,1996.6934744241446,23.06644114110551,2709.9012646993565,298,4.0,5.4
2.1880684,0.5118122,8.901193,850114.44,119.79427572299984,508.312026025179,1067.745591439632,25.02940032394625,691.1745115452931,299,2.8,4.3
-0.25538725,0.456044,2.7617984,5430965.0,132.79766493778789,2474.0448798446682,2666.7196701467,21.312137379982364,5112.846682937653,300,6.8,4.5
-3.7058778,0.42882094,2.5139027,0.00078259525,121.78461314616291,1496.8781334513144,2412.6253463007138,24.16185732154977,2836.3263041065484,301,3.2,3.7
0.5880187,0.46141714,2.5619783,0.0005491009,102.589597188778,2556.736226309331,3204.2160017097144,21.13183583773922,5739.206437291898,302,6.6,7.0
3.6603699,0.52618235,3.1630435,-0.00011329926,108.7616828634393,3052.4466367556806,3156.815636810899,20.41426296261698,5878.888395828711,303,7.0,6.4
-18.434832,0.29688364,0.32334358,-388.30243,271.0846191588226,1567.2514644187745,1795.557720611432,26.892116561318886,2953.855114266696,304,3.8,4.6
-8.671824,0.4195086,0.72525233,-100266980000.0,149.12627205698323,1376.4518250132987,1363.529956009802,21.942999738669286,2679.731528733082,305,6.4,6.8
-4.8740945,0.33752108,5.192946,3135.8113,139.93794251846182,887.4803967098663,799.0086292252087,22.844719305576763,1567.877745728866,306,5.7,6.7
-8.462127,0.3573261,0.4410733,2514753.8,140.12528700960064,1899.6795009235868,2343.7513145270937,22.47891241197301,3769.454928952043,307,6.1,6.8
5.500743,0.5339998,6.443483,0.14201957,88.53776797944255,1934.971436600748,3029.8131739550518,20.990268747274264,4258.381438721137,308,4.3,6.6
3.605346,0.47834423,3.4970915,-31.054165,149.6937033737514,2041.50676500689,2377.0125127388083,21.22154185722643,4143.676503217218,309,5.3,5.8
-3.7854793,0.40684777,2.735126,-2.0934892,155.1395594848486,1815.587808063058,2810.412344764071,23.794142028848213,3873.4967827823384,310,2.1,2.7
-1.854527,0.5018663,1.6069797,42882.332,105.62731443051436,1512.2100446007803,2353.383688074134,23.126824493242857,3116.3578877301975,311,5.8,6.9
-5.625498,0.41271257,2.5347903,4.705163,166.0692353414482,1931.9644425634715,2264.80456671795,21.92575510238232,3954.1463143872115,312,4.6,5.8
3.5819376,0.5886242,6.2699885,1.5942544,109.93228670473276,1597.9266786080232,2496.813528942888,24.47975416404898,3550.3441385435167,313,3.6,5.3
6.3806815,0.5040995,7.22271,0.017280046,96.265437445405,3017.2367514164403,3485.910687515077,21.552792202443126,6842.384547069271,314,5.8,5.9
-6.976353,0.32130337,1.1604315,33332252.0,172.62586583812606,1773.3795251722602,2166.3394251515583,22.46492524828975,3437.5471488795206,315,6.4,7.5
-0.21876453,0.33316165,2.4363482,0.0016151255,196.43887321260897,2389.404067367946,3147.026340792891,22.939729339088935,5107.621003552398,316,2.8,3.5
1.940688,0.44037542,4.092721,0.0013356277,151.51110502298542,2827.952845873053,2578.3322415177945,20.2252834541757,5207.543294849023,317,6.1,4.3
3.5555737,0.47185317,3.6783857,1204036600.0,142.84059759672905,2069.6885637377413,2039.9335660329734,21.571574475163455,3920.6123807410695,318,5.9,5.9
-12.607243,0.32072344,1.4870312,-1725668.0,210.86738649255736,1142.3415727555773,1549.5650369861667,26.567605753589028,2120.5206483126112,319,4.5,6.6
9.333654,0.4885064,13.36262,-186.52832,97.57558848490005,2297.672800075697,2594.159374871291,20.518125171477315,4617.567717584369,320,7.4,6.6
2.0893514,0.45521843,3.7007241,-27710.305,117.6765276866833,2175.472728899603,2126.1407423663018,21.56021023681475,4029.8036387841134,321,7.3,6.0
-4.7124453,0.41755912,2.4749591,208.38307,137.03701922130404,1575.4917709644296,1992.0875763376653,21.748817867676394,3028.888395828711,322,6.1,7.6
-5.9558554,0.4289588,0.9812647,-7522.8467,125.77297846669373,1399.5356091055353,1982.6372538519656,23.59310541769246,2787.8496891651866,323,4.82,5.73
-1.6611611,0.49609825,2.8865378,-0.00049459015,126.07218922377008,1480.2662933689514,2208.861893946721,25.114342773218144,3114.93232749057,324,3.3,4.7
-1.0133035,0.37195066,3.8632967,-387500.44,160.65026464341267,1994.315580915198,2350.0519282968626,23.347668845300774,3753.524644760213,325,5.5,5.4
2.5540526,0.53284186,3.399195,0.00037343457,96.16565338270577,2363.5815857381463,3044.665000314698,22.988657598877765,5322.224689165187,326,5.4,7.2
-3.275329,0.45992446,2.6091373,0.00030433215,152.81240797773026,2682.0496432039004,3194.331339988273,24.35551381508617,5734.246727313069,327,6.0,7.1
6.172157,0.5085773,8.9245405,0.29524538,88.45494007423737,1992.2927267509788,2625.7572483000945,20.296427497923347,4229.304415353894,328,5.2,4.2
-2.4939744,0.4609216,3.7287316,-2671.6963,125.81238514442957,1695.7175940975658,2771.7224208386656,21.64365958234629,3341.8794404973355,329,3.3,4.2
2.1489356,0.56063473,3.7235677,1792273700.0,113.49940310277974,1825.935620649224,1556.7912771947565,19.782027525555847,3532.709813499112,330,5.9,3.1
9.832916,0.7062665,9.29082,0.00038509644,75.88022329985263,2758.949852860472,3569.424984787175,21.240750654435413,6570.351675171954,332,5.5,6.9
-0.05742636,0.5410494,1.6244559,-130302.03,97.15502831164073,2218.2783683683033,2487.487716251426,20.17831725911138,4079.7346802841917,333,6.7,6.1
-5.877817,0.38235092,2.8901665,57737.453,231.11748451468839,1059.3073402045684,776.3928730748908,21.649595334359592,1882.7875222024866,334,5.9,5.9
5.0407357,0.47438794,3.7351289,0.0159626,88.75437985466942,2380.0034739474722,2938.6455329307964,21.342609485959496,5016.322451698868,335,6.8,6.8
3.7565644,0.44556665,4.2032514,0.0016297194,113.15536753245705,2576.376399946248,3176.1876749047524,21.795322120907482,5528.943865098735,336,6.1,6.6
-5.281657,0.5750923,0.70047504,0.06315495,91.67756864328418,1722.4598717229555,2447.5760120798254,21.09568134426323,3889.020870337478,338,3.0,3.8
8.093648,0.58567494,8.10002,0.002568245,86.74441697342796,2073.7484897466265,2952.3423764924446,21.21078716226064,4617.683603283781,339,5.9,6.9
-15.791593,0.47275054,0.18828507,9.6437845,152.39419626108563,1836.0500563376531,2314.2168516336114,22.597496489826483,3580.11426669625,340,3.8,4.6
-10.1797905,0.40095836,0.7018807,17823.75,142.44194453772286,1114.8599643905186,1797.3009773144015,23.513449130992694,1966.9846904814733,341,3.8,4.4
3.2831192,0.5315371,5.968312,31310866.0,99.23665502372485,1048.9872362201259,1730.2351670568012,27.18358083931892,1972.9143554470822,342,4.0,5.1
4.1715198,0.41306865,7.1089177,326778.62,124.00729282940856,1548.582966243213,2081.6448713940417,22.97110768566743,3055.195381882771,343,7.0,8.1
-1.521491,0.38783386,3.350644,0.008158555,135.5153219682457,1169.7782046780028,1976.389395412406,25.18816951919599,2026.5143110716663,344,4.6,5.2
8.630208,0.49598494,12.388506,-72.84882,98.62999197770901,2329.5773289148774,2665.8493410339447,20.227219405111146,4766.368981584203,345,7.2,6.5
9.626539,0.66469735,11.432759,0.001530794,76.13816938767474,2064.8118458253657,3097.068435932752,21.364791757251925,4905.36387841136,346,6.7,7.3
-5.478667,0.38971382,2.5389624,1019.9428,137.43294854400338,1331.0080705109315,1391.3021042267742,23.01653858470603,2500.666518551433,347,3.82,5.82
3.9490378,0.4434487,3.6633437,0.0032720016,100.30930022251295,3008.418561863106,3319.8638289139694,22.79877226955779,6425.604615043266,348,5.0,5.7
-6.6778555,0.4131501,3.3347325,136.96062,126.39524849813178,1686.007935867994,2220.9513838565763,22.93528025586033,3447.163632326821,349,4.6,5.8
4.7175035,0.46434286,8.214239,0.00064498873,113.23039500494538,3172.3067977312817,4137.204557389351,23.054605086458505,7874.561792766807,350,6.0,6.5
-7.614676,0.3137674,11.74426,22021888000.0,297.6611267338468,1728.6175998607532,2176.6761687407716,22.85339664476289,3081.8116263589973,352,5.5,4.5
-7.2569,0.42172542,1.0241498,-12186.345,122.34275978408189,1279.2145769228046,1279.672031533749,23.831286409277475,2576.6918127357444,353,4.0,4.8
-0.9579907,0.4187421,7.7172194,-0.32909408,151.0352870847263,2416.4738194516126,2580.8677740401276,21.736011284647795,4272.7242451154525,354,7.1,6.4
-17.502005,0.30952293,2.445903,-3802832.5,209.3371075664249,1871.4242406601943,1988.618606918795,23.33089569167151,3417.5282893277126,355,5.1,6.5
9.68045,0.7271823,12.806342,0.02123055,70.85110521116026,1152.1675239118113,2242.6140692213417,20.90245739904994,2179.7426225870868,356,4.6,5.6
4.597482,0.49648333,6.0499134,0.00032958848,109.40429852740712,2516.518278678062,3076.337718454291,21.650614822562268,5620.789882405147,357,4.8,6.5
-8.751546,0.41356978,0.8845052,9236513.0,143.22614956648326,2210.9372518589735,2381.986621406489,22.249677078933104,4073.0184280639432,358,5.6,4.2
-4.5454006,0.61738765,0.52561915,-2.1578932,66.45283462200662,1320.4858460575545,2352.805727137057,20.8193048815943,2704.9811404481916,359,2.5,3.7
6.7467213,0.582308,6.9571977,0.002633645,75.15640336942434,1222.3278207072387,2000.2200132457317,22.035925552119544,2521.053507992895,360,2.5,5.5
-3.184785,0.3315369,4.807457,42571.805,168.3566788367571,1173.234788272491,2216.756895482795,23.611707863850345,1749.7280195381882,361,2.55,3.36
5.4232583,0.59840304,4.6635156,18.182161,78.23486353081624,1252.1907019250252,2290.41297451786,22.744685659333715,2612.142223208343,362,4.0,5.9
7.986557,0.6396404,7.4771795,0.0017239681,70.15335005898417,1399.4393265131168,2358.089540442733,22.4663267133917,3096.8992678056356,364,5.5,6.5
-5.6736503,0.32090843,2.6225238,22484.572,206.1165718544642,1643.150140404288,2143.9371015046136,22.199819777656977,3220.3652309058616,365,6.0,7.1
6.740025,0.49736372,6.0268173,-178849710.0,104.58652910587986,2249.1150462400083,2529.691060547559,20.37045533403967,4482.161082760151,366,6.9,6.1
-8.217157,0.4224722,1.0888495,-244504130.0,124.31847891423116,982.1067017801599,1413.3715324035793,22.04725196741541,1687.536055025516,367,3.1,2.7
-6.250734,0.44170904,0.64609647,-28793.934,139.83426173314754,1372.1222601090083,1556.8111505037534,22.07496468381946,2425.5994671403196,368,4.8,6.1
-5.2112517,0.36980185,2.2054973,0.74398744,172.64739726445117,1848.3353456572036,2764.4339444158472,24.494641178269816,3599.9833592189925,369,2.9,3.4
-10.103079,0.423871,2.3116415,-76490.84,217.16835824842175,762.4021676714657,785.7695668514712,23.246796795563835,1478.302619893428,370,3.8,3.4
-3.0644085,0.3985874,2.2963417,5318.6094,191.8714821393843,1742.9333084893835,2178.5359156266027,21.119011918277355,3153.8329265586863,371,5.2,6.6
-14.519433,0.37334055,0.152009,0.0006958957,148.5726044234066,2139.238503057139,2607.41458885875,23.747953586673788,4378.178389172398,372,3.6,4.8
8.650181,0.5842771,9.525582,-0.00048339367,90.55780463175797,2875.3538050329716,2999.753928821415,20.19139592879832,5243.45581705151,374,7.0,4.9
-5.894567,0.42165893,2.1707227,-0.12951066,177.1107280364421,1815.9703905311903,2951.541925320091,23.704593745726257,3983.847348568893,375,1.9,2.8
3.02271,0.5125836,9.266423,0.00039873674,108.42212971949809,1637.524204372508,2245.8637179401503,20.46431680553948,3516.002884402041,376,5.0,5.9
-2.9345396,0.53890866,4.372507,0.00030954296,126.20162987526031,2105.8312154722435,2643.2133698335306,21.771356010436328,4960.661193698691,378,5.5,5.9
-5.435342,0.41888967,1.5593915,1977.5123,109.88893882963762,611.1947498291016,640.5346302241364,21.243193627692197,1207.4439760372754,379,1.9,2.9
8.228547,0.48423916,15.432774,0.0489243,121.78941820112563,2019.354193448606,2801.402392424542,21.646679586016827,4415.858126110124,380,5.6,4.8
-1.3925347,0.6201334,12.539461,-201.49983,128.82596021993888,2217.687284281704,2262.946069676873,20.222730799560857,4369.832371225577,381,6.0,6.7
3.68253,0.47813445,8.755695,54166332.0,111.39806453503897,751.8706151528829,950.5969859589422,24.5964995212018,1333.3129855715872,383,4.2,3.6
4.946241,0.79026157,14.23906,-0.023807159,63.875769776318016,2088.1254463058294,3141.9822798838286,21.890241709533928,5070.895274018194,384,3.6,4.1
3.4426506,0.49255246,8.249967,1.7976737,119.9680126893486,1700.776125993212,2346.240838973884,20.832857633537227,3565.172031076582,386,5.0,5.5
-1.4554771,0.62249255,4.2884226,-0.000119576085,82.93263268957095,1611.9532210960776,2084.2460788952526,19.96810435658145,3582.5826492123365,387,6.2,6.2
6.693253,0.60782707,7.8976736,-0.042981002,137.08467948484378,2595.750620348848,2831.397238438393,20.088919053969594,5236.495337477798,390,5.7,6.2
-2.5347357,0.42577967,7.8685727,0.0003768114,152.7671962319797,3173.8938827318657,3572.2767134043484,21.814083908577963,6962.81894830264,391,5.5,6.1
-3.4916706,0.5225925,1.0823361,0.00028855755,105.95350419445607,1549.2644298947862,2242.5913074604105,20.963353525580455,3241.1193698690927,392,3.4,4.8
-0.4341559,0.49798578,6.3402505,0.0007533202,209.36813544945335,2336.9859758534617,2968.2044086751553,21.561145643981746,5089.420515097691,393,6.0,6.4
-5.6064057,0.58677864,6.1712823,0.011385588,133.55431847943433,3911.871271302962,3237.7443131280666,21.022522811652493,7416.563055062167,395,6.7,6.2
5.6959085,0.50452125,6.627748,0.0016766145,103.73927031352358,2336.0323211878563,3095.0928981178567,21.480932233796864,5267.70093250444,397,7.0,7.0
6.7982016,0.47184157,10.83768,0.0003465735,133.13866251121203,2294.7253614754604,3200.4899994513517,21.73579307916523,5089.011537608165,399,6.7,7.0
-13.354958,0.41959572,2.7303538,-0.00040655868,435.69241869969017,3274.504723655861,3100.9969552801535,20.741210738871857,6467.806394316163,400,5.1,5.6
-2.6384447,0.5297735,6.1933985,-0.00022829496,139.79026062653568,2125.930209609808,2615.8642259865264,21.91162778869448,4397.633859142413,401,5.5,6.4
4.307675,0.47921866,7.070813,-0.111141354,155.8597121476397,2342.5307562147664,2718.4710148816253,20.387901981402045,4713.212780119814,402,7.1,7.1
0.19168653,0.4476581,2.316577,95.22736,91.49781145540207,1507.5307903900566,1851.2960347087824,19.940216297219983,3096.194808076326,403,5.1,5.2
-1.6044332,0.74184835,6.965234,0.0003878612,241.15901673559006,3436.0601283935316,3555.808211116876,18.946391287268842,7070.623474595074,404,6.9,6.8
7.1357174,0.6879023,6.4048038,0.00019771549,76.34552203488924,2954.7038349322415,3828.6749080366176,20.54333981074316,7191.335700022188,405,6.1,7.4
2.858488,0.701011,3.0594316,1574.392,104.79195392779678,2472.278163044552,2676.1135462615703,20.417136067010645,5208.603283780785,406,5.3,4.3
-0.15624706,0.5901284,8.518595,-0.026880594,191.05286071551836,1990.8256029218282,2450.266072386586,21.217559300006435,3962.042378522299,407,4.3,4.5
11.0207,0.53990805,19.578268,0.001051105,86.0944662797786,2944.9672466278193,3471.8254803805926,20.28685680142179,6815.242955402707,408,6.6,6.1
-4.4143076,0.6128521,0.5647287,-0.4055076,75.69835600212329,1417.041696422022,2154.9610817387197,20.923607319802688,2886.154870201908,410,3.8,5.1
6.6508822,0.60333955,11.275884,0.0010108214,215.0286954396013,2739.131281381158,3064.5495406625378,21.720890672503806,5837.183614564831,415,6.0,5.2
7.113147,0.6472284,12.575791,-0.00011156614,90.03625778160864,2797.5364992257787,3718.06557732547,20.3346202896515,6978.683159529621,416,5.5,5.2
-11.932507,0.30326825,0.88108593,-230.54596,207.30560823282119,1108.9276715246094,1165.9149513238115,21.879954580608597,1854.9256711781672,419,3.3,4.0
-2.1686337,0.42964724,2.7717855,0.0017713056,178.9296902875963,2742.0847807849045,2981.3462138514324,21.492916867309823,5638.013090747726,420,4.5,5.4
-16.982342,0.4240628,0.47331652,-30161.709,150.5280044268173,1227.180737120996,1850.6845845555322,23.307206572001334,2070.1908142888838,422,2.8,3.7
12.795273,0.68569493,40.166706,-0.010068967,75.75180190786926,1464.2472866053797,2228.3603772960673,19.692425366344374,3139.410916352341,423,5.2,4.5
2.865185,0.47554293,5.0638466,-0.00075509,174.369709168891,3399.350404256794,3484.5596567780094,20.912961481328093,7144.103616596406,425,7.1,6.8
6.381929,0.42860043,9.803951,-7.351522,95.86479748212655,2232.091973260623,2850.5716270207968,21.38642836027143,4845.8120701131575,426,5.3,5.3
5.627294,0.6117641,6.172647,0.00040276692,86.63518581338606,3857.3299096692776,4521.38400479738,21.081004005796395,9567.41230017762,427,5.2,5.8
1.3750097,0.5835067,4.9162364,-11229666000000.0,142.20803144737286,2372.370570919424,2808.822697166854,20.51673567483451,5089.632793432438,428,6.6,6.6
-6.014911,0.565062,0.5730325,5.761763e-05,73.5915344538098,314.4183379368665,348.2693120831926,22.279956256019595,557.6436654093632,429,3.3,4.3
5.5259037,0.5012873,8.471851,969.0779,121.90011734668278,993.8843885496547,2062.4136748959113,20.486763356819345,1530.0677175843693,430,4.0,2.9
1.9814699,0.44413567,7.796321,0.00075021386,425.1417459602626,2433.291986329581,2507.1620921677286,21.53984692589285,4781.016873889876,431,6.1,5.5
6.6777105,0.66012824,10.186024,0.004592969,76.35901137772747,2069.977804281197,3055.3867790118784,19.974389219656565,5067.789742451155,432,5.3,5.3
-4.4636064,0.4776866,7.9084334,0.0004370442,296.11632169550955,3209.1364147088434,3117.677709972751,21.102881238771776,6082.295373665481,435,4.5,5.9
5.7236996,0.5870214,6.232743,-48066468.0,81.89656457549448,2939.983642549254,3122.467039540421,21.740989361342635,6612.7301974706015,436,4.3,5.2
5.4239593,0.47246853,3.8067796,-920.754,71.19150357664152,1723.2683084689945,2143.195915176799,20.318504546096232,3453.4668293765253,437,5.2,4.3
6.219958,0.49928916,13.055235,0.0005569779,96.78916110797846,2411.637873596606,2918.1784895905494,21.347549063602667,5402.712447304193,440,5.3,6.3
0.7764884,0.50239503,2.4204228,0.01708933,121.918889268284,2871.024327711982,3305.0261165792713,20.707990278918977,6366.263321492007,441,4.6,5.1
0.70088726,0.5182645,4.829981,-1042960300.0,296.18139580895394,1147.2758985070088,1558.6032383093254,21.711573922019046,2009.0495225405286,442,4.1,4.5
-1.6743113,0.5114315,1.2944899,-3410.624,178.18402893928547,744.0790138603529,1573.6797631641848,19.038193475235275,1085.8237122557725,444,2.3,2.5
-25.86256,0.27156606,2.516814,1084.3435,252.24189884997082,477.2227487790957,412.215592936046,25.67516135262493,675.9540714444198,445,2.4,4.6
7.1130414,0.59092706,9.735873,-2.086847,127.16780298991422,2178.3903591863946,2757.872489037385,21.28732524673735,4759.291740674956,448,6.7,6.5
-28.289288,0.32581192,0.037750892,-1068469250.0,199.67200998450178,1948.9347228812878,2207.2757657846114,23.229830205147294,3736.7395648312613,449,3.6,3.8
-3.269499,0.6500169,7.4163914,-90.80895,129.20610438196914,452.5664157837039,938.3749086721702,19.63342558363251,748.2463928967813,450,4.1,5.0
3.2033274,0.58284473,5.847485,117524.266,85.03092572726246,1075.785799528325,1713.6748235724644,18.887633999643427,2146.0062125582426,451,4.9,4.4
1.0883827,0.49250233,5.9375563,0.00035534456,92.62619752248514,1456.8876153830645,1913.7408575439322,21.244792507331187,2937.7246505435987,452,5.45,6.75
5.863352,0.629207,8.797261,0.00020047105,82.52203606727174,2724.56120935348,3110.617934906914,20.917550965659196,5791.524295540271,453,4.6,5.6
1.289432,0.682909,4.702397,0.32481405,93.167105237686,2358.8403925831212,3295.9520400841534,19.432381062003472,5578.180506216696,454,5.0,4.8
6.4244094,0.56356597,7.235064,-0.001179255,121.11339519888035,3096.838488215015,2840.144421412216,21.00715735066372,6024.034834701575,455,5.4,5.7
3.4274025,0.650906,2.8656092,0.0007746953,105.70567317358444,4330.4305751672355,3268.431600161433,19.40025888064,7897.803416907033,456,6.1,2.3
0.32990694,0.7120074,2.0176246,0.0003948991,224.8619299619031,3870.9184560648896,4023.725462465736,20.061072999936417,8463.462391834924,458,3.4,5.0
1.7825395,0.48728964,3.5569882,-59.458824,93.31113675123905,1389.9823943611998,1787.7251915494508,21.24166156692428,2872.1433325937433,459,6.3,6.1
-6.179015,0.42725325,4.446157,-1.007145,112.89565959215038,1264.2314792031093,1642.8958614025069,21.417744842069414,2327.0967384069227,460,3.8,3.8
1.8728106,0.58511776,3.5070817,279325.53,97.07066772876883,1808.0345093892697,2115.0122064511884,20.90649344563649,4243.903927224318,461,4.8,4.4
6.928095,0.6219084,8.044609,0.038465355,125.04065503181256,1336.202329935828,1849.6793738929466,19.68877429172934,2835.583536720657,462,5.8,4.6
10.150483,0.5801681,18.11473,0.00076013803,75.56598407742267,3381.902714404178,3873.5113444329986,22.489692395158574,7612.219880186377,463,5.0,5.7
3.415438,0.41932327,11.49413,0.0011103657,132.2616390668256,2437.3895441418767,2473.0945321912664,23.754290140658053,4445.168626580874,464,5.1,5.6
7.25312,0.70063096,9.607527,35.336704,101.1502490608855,3171.624374217247,3240.298460993651,19.447575148940533,6702.2354115819835,466,6.6,5.9
3.912319,0.6735986,6.05429,0.0003913091,87.03570436255795,3593.8419663809013,3614.255486291169,21.44667037843583,7406.69404973357,467,5.7,6.8
-6.2559013,0.6309768,0.63760173,54220.746,79.55681500096635,635.1566224965848,934.1176390977064,23.364229143529194,1178.557948490231,468,3.6,3.4
-0.6782659,0.6809972,7.6812587,0.0001968558,147.83831047710925,2558.6909467325063,2915.4959428313923,19.448231272510046,5247.9902287363975,469,5.1,5.3
0.6944775,0.6031977,2.241881,0.00027744359,177.882000515454,3862.8301790236023,3919.7734190232295,21.140185191626514,8299.084757044597,472,6.5,5.2
5.1015687,0.64948547,13.452667,0.00038576126,112.3856165989394,3538.0915913678964,3604.834750759263,21.251287974787594,7401.652984246727,473,7.1,5.5
6.6593323,0.5913358,11.329096,0.0005269234,74.72224955781712,2299.484460132816,2892.9608959147054,20.16688114582846,5073.473579040852,475,5.6,5.0
-7.012163,0.47620463,11.83831,-51.049564,212.9151096384254,2047.6211835699755,2012.5929041942175,23.56192276870121,3854.076991346794,477,7.1,7.2
-17.99721,0.41938427,0.31390247,-3777310.5,209.39728581243722,951.7409084286986,1110.6634932076875,20.622003529507033,1585.074378330373,478,2.8,3.2
-1.5541342,0.43788016,9.2557335,0.00051767554,149.22175546665915,2071.6843755401896,2539.748294463656,23.632926682341616,4172.374555950267,479,4.5,5.7
-3.4756577,0.5526598,1.983356,2.9937579e-05,107.91612910107669,323.6075317448452,508.5659568749805,21.04852965114779,500.72713143872113,480,2.7,4.1
-6.5681634,0.3974179,0.9903984,-68374.266,97.74703801203378,1041.1918921537324,1263.3056367095742,23.3591740464038,1913.040825382738,481,3.4,4.7
-14.359629,0.39804786,0.55333024,-13457.498,159.60658114529852,1608.1221539001467,2383.1345678977655,20.14586579437005,3240.2142539964475,482,1.9,3.5
-4.3413663,0.6218303,4.8350973,0.00017971717,186.39845282174633,3209.2099443975844,3197.788637673168,20.744066882031674,6260.938540048813,484,6.4,6.5
-2.507643,0.39644483,1.9942362,-1054.8765,111.88944501349901,590.4598330209133,638.0652083151385,21.7324432436774,1084.8468028419184,485,2.6,3.7
9.270114,0.57112217,17.070662,0.00019835279,91.88243164096689,1791.1403727943045,3090.5016175835062,20.223121313809187,3697.6425560239627,486,6.2,5.7
-6.887827,0.48232222,5.9724517,51202584.0,198.4295514619756,1944.7764993049377,2579.146000340078,21.566115115005257,4073.763035278456,487,4.5,5.3
-18.753176,0.38694775,0.14226875,-9886.431,115.17020951913254,1100.5319043662314,2061.157236075088,21.775485979007055,1597.1377856667407,488,1.6,3.4
-4.7060986,0.4603984,2.2484245,0.00041791567,141.9630064580214,2527.721469856058,3161.717964703613,22.287769342450446,5688.107388506767,489,4.6,5.2
-10.248668,0.53731066,0.9616704,-7.951439,136.96844046930417,1910.4203182592871,2388.6697965507633,20.91224696014523,3930.7577102285336,490,3.9,3.7
2.0183194,0.50942403,4.5872703,0.19054995,110.83858298932198,1408.615500294445,2249.422936237104,22.03489169385803,2719.121891651865,492,4.4,4.8
-0.38621116,0.4491473,2.9733367,38705918000.0,110.35475298240303,977.6472927890044,1492.32091632335,19.90177815129823,1768.6986909252273,493,3.7,4.9
-1.0766221,0.44075558,3.171147,0.0005550912,124.59943870586056,2262.828025374153,3217.4925281613437,22.320073845614534,4991.147104504104,605,4.4,6.0
3.4093351,0.5471252,3.1523986,215.00188,80.7719250168342,1730.1493498908458,2363.55198443886,22.005090691461813,3378.3573806881245,606,4.1,5.6
-9.39562,0.44709426,0.81540906,515.199,106.61474354239914,1348.1858119068943,1977.1309759215726,24.130675761743856,2462.6665186500886,607,4.4,6.1
-9.247708,0.4709198,0.8580475,6297261000000.0,122.3461285795705,862.6803326926147,1007.274397197874,21.58185116916347,1718.5945825932504,608,2.9,3.8
7.291213,0.59614086,7.5335016,20.255117,79.50018631596592,2075.6657912037767,2747.434494795879,20.07820856935804,4748.207149200711,609,5.3,5.55
4.7186627,0.5536824,5.3777647,0.00019681454,80.40075240399834,1429.1605799337942,1881.48505312898,20.84003255756586,2998.729753716441,610,6.3,6.5
5.235722,0.6221336,3.886632,-49.82239,72.15987514917431,1858.605088995272,2340.9367490289046,19.752170184596935,3732.822562735954,611,5.1,4.8
-12.822849,0.36828044,0.9568773,847293000.0,213.5333245585651,2497.9188861318157,2546.602061160226,22.7974017919273,5090.525848679831,612,5.6,6.6
-0.45055485,0.3660771,3.3157923,37959.93,143.55583961310566,1647.188832665966,2239.6331840022067,23.81717468276058,3166.8794404973355,613,5.2,6.8
0.762377,0.4528894,3.738905,0.0075022625,104.21066793198727,2053.0355065159783,2453.5504641712987,22.14112464047143,4041.1082760150875,614,4.3,3.7
-18.393045,0.3890933,0.45103782,0.13586514,238.3960286617106,2298.7814023057067,2523.5861723513376,22.85041447957489,4246.68293765254,615,3.2,5.0
-6.619756,0.51016814,1.2504714,0.004144082,119.0109337069918,1437.2132996906898,2314.8298621203726,23.43162574459274,2820.8508986021743,616,3.5,5.0
8.015811,0.659383,9.26181,0.00069364446,127.90441306516168,4270.08862029795,3930.271822784464,19.725748789808847,8577.357443976038,617,6.5,3.0
6.004757,0.6108239,5.74995,0.17968985,77.31953565367262,1996.5777667552086,2782.583663465554,20.891457537192657,4613.933880630131,620,5.8,4.4
-15.581312,0.3438892,0.07832578,5774918000.0,160.60236344201437,1268.2664076225476,2132.4262188750354,21.562691927679708,2278.2504992234303,621,2.9,4.4
1.5999113,0.59435505,2.3558311,-195.945,87.54341186041252,1114.0895218792464,1976.9860530948679,20.64134376715414,2170.9562902152206,622,4.5,5.0
-3.405567,0.34748968,1.232848,-45593.496,179.82847403146948,1822.5981155159693,2342.2367857410795,23.20822386349503,3614.1152309058616,623,3.8,5.9
-9.287668,0.54285735,0.33865747,-0.77881044,115.44693667323195,941.1424573203774,1712.0313519230253,22.95915984952007,1572.9254493010872,625,3.1,4.4
1.7305338,0.44803363,3.7723694,-0.11199915,112.41839773196078,1204.538807779863,2014.5068358364956,23.038946023032096,2243.4324384291103,628,4.9,6.8
6.4162455,0.47609407,8.045883,0.0014639244,108.04670631406496,3425.4123922469553,3783.5431303741752,21.383178819083003,7677.175843694494,629,7.4,7.6
8.623595,0.5473147,10.631604,-0.00031735346,107.77864585052869,3041.965492426669,3816.6005907025838,21.778383671514323,7229.298868426891,631,7.6,3.1
7.394849,0.55057925,7.2201715,-0.00031970098,89.90433630084992,2390.822476042478,3151.4264106117544,21.961885117167146,5543.505772646537,632,4.2,5.4
-3.6174626,0.62246156,0.6313226,0.00010964962,82.35833578087802,2344.225847041409,3180.477937698882,21.912572627901003,5491.984690481473,634,4.7,5.8
4.27321,0.5647425,4.3799214,0.00087013154,94.42391255029717,3123.4122761876856,3483.5136889744767,21.763166827427128,6987.56936736959,635,6.6,7.6
-13.150686,0.23383339,1.2514136,0.0016035743,301.55148385512547,706.3832327853111,549.7526669299994,23.859667571626566,986.6762813401375,637,2.2,3.6
-21.333643,0.37963456,0.30395976,0.00038821794,137.5612747486829,558.1376764340235,438.4589704071801,23.19607957824698,904.0215220767694,638,3.2,4.4
1.8030878,0.4707428,2.8343594,0.0008725203,112.94557027552761,3839.583569194952,3877.908747178774,21.746154836359803,8291.096802841917,639,6.1,6.3
5.4227476,0.5185505,6.262516,0.0008022602,96.14454895551282,2663.6515866305763,3368.8132834866196,21.94714185601201,5993.188373641003,640,7.6,7.8
-9.2258005,0.37183896,2.3100731,0.00018528906,206.23738513467478,2706.875282567067,3180.2400254657705,23.196830602059173,5844.016429840142,643,3.5,4.2
-3.4549212,0.46667543,1.1270103,0.0011385817,132.80360902728276,2818.594926777313,3543.884034606391,20.753249615419666,6670.573552252053,644,4.3,5.6
3.0049162,0.512795,2.736862,0.04448205,99.86380855898112,1923.0759584498328,2632.9078695496164,21.886965640633786,4173.085035523979,645,4.6,5.7
-3.328974,0.60827726,4.26505,-0.043135863,95.8803622706239,297.7137290510271,624.1245004424962,22.594027557511275,418.9760372753495,646,3.1,3.8
2.1899605,0.54963654,3.569393,0.004726722,99.81090027217375,2113.365642825567,2815.336601352823,21.580229042021234,4731.961393388063,647,3.0,5.8
