song_id,tempo,chroma_mean,mfcc_mean,rmse_mean,centroid_mean,bandwidth_mean,contrast_mean,rolloff_mean,zcr_mean,tonnetz_mean,valence_mean,valence_std,arousal_mean,arousal_std
2,139.6748310810811,0.4827926,0.6469883,0.105231434,1894.684236084938,2486.1994364646275,21.764937169569155,3912.602976779849,0.03652223000386399,0.008235157186623697,3.1,0.94,3.0,0.63
3,95.703125,0.66426384,3.2511787,0.11619953,1043.1673528686656,1909.4481982672276,22.510142487916543,2180.582380184165,0.013481547273781903,0.09972488009439542,3.5,1.75,3.3,1.62
4,84.72079918032787,0.46746746,5.0340695,0.18490416,1917.0912870894379,2596.7556809804964,22.120059552342024,3948.575487601508,0.03738668451114978,0.034035195317192526,5.7,1.42,5.5,1.63
5,123.046875,0.38192165,-4.530393,0.14974837,1898.303391199124,2731.84391525598,24.818698294997013,3771.88553599913,0.03625617306328951,-0.05016833694088384,4.4,2.01,5.3,1.85
7,120.18531976744185,0.5532858,7.5046353,0.26714733,1269.4579568619804,2229.9216172160573,20.949943926885815,2820.644372766132,0.012908133693972179,0.025262447426197557,5.8,1.47,6.4,1.69
8,82.03125,0.51710534,-0.5562791,0.12268523,1500.7194391598869,2106.5985139840186,21.39148008676205,3201.6023473724886,0.023845029945904175,0.025976951020333445,3.2,1.4,4.8,1.54
10,93.96306818181819,0.33159825,-5.5870776,0.06626815,1785.327839559324,2297.4046379240795,23.47545544431683,3698.053063417697,0.04161069418952859,0.019788934613121197,4.0,1.67,4.7,1.85
12,93.96306818181819,0.48946434,4.7038093,0.22828828,2459.729177139139,2981.8001664837925,21.166431073666285,5383.156560930255,0.04642470456594539,0.06635406974513983,5.5,1.91,5.8,1.89
13,87.5926906779661,0.41589615,-2.3605294,0.13243724,1927.9221874235727,2879.136851607322,25.222215599528894,4009.2139502028595,0.031152645624034005,0.04236678171620492,3.2,1.4,4.0,1.67
17,107.666015625,0.46006376,4.5799537,0.2105077,2125.9839518222097,2701.5278553005264,21.97324399768254,4627.497554820325,0.039394938779945904,0.04755610118320484,4.4,1.8,6.0,2.05
18,92.28515625,0.39355674,-4.0304303,0.07100743,2310.5699137705456,2808.0511565619076,23.17665580357731,5100.606766808346,0.048896927123583206,0.03532686091685233,4.8,1.72,3.9,1.37
19,126.04801829268293,0.52623856,7.4917436,0.21919407,1998.043201179904,2680.6474472452314,21.33147543154797,4382.342685071056,0.04269974844515339,-0.005615914377268523,5.9,1.64,4.3,1.9
20,109.95678191489361,0.43741104,2.408246,0.12965646,2881.497893383821,3509.200165240486,22.13646882495317,6292.780234918793,0.06887988105020623,0.018824979336446206,5.4,2.5,6.5,2.11
21,135.99917763157896,0.3755812,1.4598219,0.19745514,1878.7368964512723,2582.2515635369427,24.148383928859676,3951.370508114374,0.04080758347823287,-0.005596593613462171,6.6,0.92,6.3,1.42
22,97.50884433962264,0.49656108,1.7075347,0.117442265,1714.726861757059,2300.780227054967,21.06566419077835,3416.834713964617,0.03961460145978345,0.010323783593533859,4.0,1.34,4.8,1.47
24,95.703125,0.3317,-1.6988189,0.15666176,2289.3332424623873,2884.083666223639,22.447649336431628,4638.081107515456,0.043183961030074706,-0.023582568649245666,5.3,1.62,3.9,1.76
25,143.5546875,0.54673755,4.395217,0.1421025,2683.56924287935,3046.274431350462,20.840032749939873,5413.908770648184,0.05652553552453632,0.003230447446612513,7.9,0.7,4.7,2.53
31,161.4990234375,0.4726876,3.2858994,0.11897705,2724.2561417084544,3187.2605299015595,22.459675089300905,6263.6918140951275,0.05640699519850477,-0.020070822873712642,4.7,1.55,3.8,1.54
32,71.77734375,0.3361199,-0.09806086,0.23806238,1718.8858202018994,1538.7436751247324,22.633506281703934,2815.8146479843385,0.06362383990719257,0.045695858391999515,4.2,1.78,3.3,1.49
35,156.60511363636363,0.32490113,0.831374,0.22024828,2027.2871384411,2771.160961544773,24.548050390472415,4296.248538049955,0.03857673501513785,-0.02845870382766071,4.8,2.14,6.5,2.11
37,139.6748310810811,0.5030805,3.1766338,0.14624304,2381.587545259105,2953.979476636878,20.677807639897814,4809.698217263631,0.0451950305329982,0.012445276340011231,6.6,2.11,5.3,2.0
39,123.046875,0.3683043,-0.64000845,0.19341384,2585.6842215103366,2334.2632974211488,22.003580589869973,4645.735878332689,0.08222570719023699,0.015416255544308729,7.3,1.85,5.4,2.37
40,126.04801829268293,0.4544341,-1.0668557,0.09511731,1751.2010560538731,2508.906281892792,21.857253194247583,3679.0207149011208,0.03081783146257408,0.052817112210024074,4.6,1.28,4.8,1.54
41,112.34714673913044,0.4998278,3.1905859,0.16349465,1669.0427111276297,2129.010543055537,20.308085695538523,3165.380859375,0.03947676491202629,-0.02952799451216113,4.3,1.62,5.1,1.3
42,109.95678191489361,0.5625749,5.8659472,0.14524196,1802.9500143546366,2401.907808669815,19.461817091894428,3533.47150975203,0.03953139601862594,0.01795376957112935,6.1,1.58,5.1,1.92
43,112.34714673913044,0.49627018,15.2093935,0.48882183,1826.9786071287454,2164.0417143736913,20.139855093748345,3619.748654111079,0.04168328257927301,-0.0017397521159376412,6.7,2.33,3.5,1.5
44,89.10290948275862,0.42353284,-3.000435,0.11997371,1752.1851109970146,2506.502536807438,22.996879519809923,3496.6779881453017,0.032950865235885536,-0.012994303781826928,3.9,1.04,4.9,1.58
45,184.5703125,0.41278556,8.214153,0.33907977,1329.4455762247987,1292.2993296619243,20.66889193432141,2517.4266974376933,0.03756155714676713,-0.010149300964433767,5.1,2.43,2.1,1.37
46,87.5926906779661,0.42528832,-1.1863009,0.1188212,2141.819169007708,2668.224497705483,21.048075310713678,4495.321223354118,0.04365528929814385,-0.013962374169732642,5.3,1.95,4.0,1.73
47,161.4990234375,0.5504579,4.5287437,0.13429613,1745.5052436997844,2291.3118022828667,19.817758939052396,3629.8352305684457,0.034200835025135344,0.014213433571992257,4.4,1.74,4.4,1.56
48,105.46875,0.57092404,2.2154598,0.10351449,1863.071006139277,2356.4733952055153,20.658541749745712,3583.327064602668,0.0455646087103635,-0.03209352499261314,4.5,1.86,4.8,1.78
49,105.46875,0.39427844,-0.01937234,0.2146214,1488.3594247608646,2060.0261887168244,24.33155082603112,2632.6143574309312,0.0345802994992916,0.03922279541646609,3.9,1.3,5.3,1.19
50,93.96306818181819,0.5022901,-4.1702814,0.10446133,884.8947518708543,1471.2173049423095,23.178897188015718,1733.905434940108,0.015845493825669757,0.005995266545179759,3.6,1.02,4.8,1.08
51,114.84375,0.5314201,3.9982884,0.14633954,1190.9098605103825,1842.0196296231356,23.246514402406337,2417.0895540809584,0.023925403420815065,-0.015422568587894817,3.6,1.11,3.2,0.98
52,109.95678191489361,0.50508475,13.585482,0.4208061,1757.30381939123,2285.734059223141,21.896858623012438,3729.981223435085,0.03543384833043534,-0.031300883005841204,4.6,1.11,5.1,1.81
53,107.666015625,0.45001426,-1.4425089,0.09525762,1638.4673406863765,2288.971716197032,22.565734972638953,2974.660580383018,0.04221180085973725,0.019150783239442366,4.3,2.37,5.1,1.7
54,84.72079918032787,0.5642837,3.5131907,0.13946395,1299.4009146177173,1903.9443206252834,23.131413028907247,2522.759910636601,0.022745547942446508,0.11335516022831896,3.1,1.58,3.3,1.62
55,135.99917763157896,0.32272545,-4.9914417,0.11922405,1266.8120486457606,1317.6229256967279,22.252863655427088,2371.7887860716355,0.03761200635634184,-0.023099523282525174,5.8,1.33,5.4,1.11
56,92.28515625,0.3812775,7.534197,0.25980398,2191.156095810532,2588.694081822984,22.7836049578487,4103.761463666441,0.05992602073673364,0.04497816905886327,6.4,1.43,5.8,1.4
58,161.4990234375,0.46425906,6.486024,0.19231464,1723.3617381419817,2364.7617873005306,23.770675053236197,3606.2980350928074,0.03324705646590616,-0.002504214062602558,3.3,1.55,3.4,1.56
59,99.38401442307692,0.42920837,9.803349,0.3614865,1775.732120784419,1960.7254064573722,21.143653583869167,3421.630972665313,0.04598592279743491,0.013709817912369455,5.3,1.73,4.1,1.92
60,191.40625,0.4890245,-0.7383229,0.0987059,1744.7556711542707,2295.276238630833,22.454038182372727,3516.7071052091383,0.03849950492658424,0.008135496789675959,4.3,1.49,6.4,0.49
62,151.99908088235293,0.41553354,-1.5486331,0.119796656,1969.607482409349,1743.0867574369872,20.772274676169204,3463.051599328632,0.06794895209460329,0.0013390964392825235,6.2,0.87,3.9,1.22
64,120.18531976744185,0.49420768,3.5210512,0.11702436,2201.6862865974135,3044.783450801166,20.638114013750204,4793.372063515081,0.04208584082559938,0.047554375221934814,3.6,1.28,4.9,1.58
65,172.265625,0.46063486,-0.45746687,0.10607471,2578.103741556925,3030.3488241615664,21.32904664310759,5223.847384353248,0.05772745673820572,0.00022415189080583344,6.4,1.43,5.8,1.83
67,117.45383522727273,0.47939718,1.3840252,0.11944859,2479.7440342609298,2774.933962643277,20.788015985072885,5058.461151830564,0.056806152595311694,0.009676064251528406,7.2,0.75,6.8,1.4
68,184.5703125,0.40963465,-0.701702,0.12666883,1612.2278981714535,2224.4498983443987,23.22892267064357,3237.080546029753,0.035926028786707885,-0.01819040441232124,3.8,1.33,4.9,1.64
69,117.45383522727273,0.33850786,-26.755634,0.03521972,1199.1822032321038,1053.205687334173,22.292364040961566,2381.85404994204,0.042082498148505926,0.025820429276093827,3.2,0.87,3.9,0.83
70,120.18531976744185,0.47959155,2.6315153,0.123340875,2082.713978875586,2778.2575250605455,22.021726451559015,4227.313902204888,0.03821863629411386,0.00997642990263666,4.4,1.69,3.6,1.43
71,117.45383522727273,0.39054498,13.645696,0.55858546,1833.2488249647165,2300.0617050203064,21.218055153224103,3661.860249601218,0.03761389452822893,0.040076499732816566,5.9,1.51,3.7,0.78
72,143.5546875,0.44117776,7.09218,0.23502108,3062.587561149895,3216.5223636431833,21.1818209942962,6395.228201676005,0.07747270052485832,0.030156288597830018,6.7,1.73,5.6,2.01
73,105.46875,0.4230381,2.3003983,0.17117256,1740.3193774479478,2534.8906215997163,24.420526163059844,3317.749627185568,0.033916428186179806,0.03185700172796921,5.8,1.72,5.6,1.74
74,89.10290948275862,0.44166616,-14.279911,0.063165255,1832.781288164791,2129.4299152165104,21.499888982767246,3393.9414606293503,0.04761126115783707,3.46920988879467e-05,3.0,1.67,4.3,1.42
76,198.76802884615384,0.6210967,8.94129,0.31045014,691.2957617563638,1071.854906813927,19.117337530650275,1299.8083127900231,0.011471902995295179,-0.002288176185102395,4.3,1.42,3.2,1.83
77,120.18531976744185,0.43837115,5.876644,0.28684664,2051.36696649955,2414.8871581694925,22.697313983413103,4298.008469583817,0.04647344877868007,0.045090118495964705,4.2,2.04,2.9,1.14
78,101.33272058823529,0.43664604,-3.5572517,0.08947016,1727.2642175569592,2842.2825616547293,23.674456919214272,3262.893683838457,0.02534631589971642,-0.02285585595209299,3.4,1.56,3.9,1.92
79,151.99908088235293,0.44887716,-2.2698257,0.084024936,2871.8631710446734,2919.152100376738,22.569512323893772,5821.531163899362,0.06960078507669502,0.0034247478956802974,5.5,2.11,5.5,1.36
80,83.35433467741936,0.5582644,3.0834167,0.19022234,2273.206664776616,2726.722785736046,20.08301364052863,4811.095568791055,0.046473381753928386,0.04404218312807874,6.0,1.34,5.1,1.37
81,123.046875,0.47265306,13.474541,0.37493286,2022.939499953626,2447.187325561032,21.747243715277353,4260.959591611079,0.04587766760924207,0.01644338539895718,6.1,1.92,3.9,1.7
82,63.802083333333336,0.35126802,-1.8515347,0.14718482,1754.6910132087075,2824.858721530559,25.176107194710838,3863.003348861659,0.02630072384957463,-0.0003781995957839093,2.9,1.45,3.5,1.63
83,129.19921875,0.4466722,-7.0395517,0.05386988,2838.257708643642,2737.0441193597876,21.045245605409445,5476.061756815545,0.07972365219773138,-0.02628585865562366,6.1,1.04,5.8,1.72
84,166.70866935483872,0.4648817,3.4473584,0.14657597,2507.820649178376,2595.5663680826437,21.17114893490215,4947.084236439819,0.06711464773312725,0.014097624837573035,5.9,2.02,5.6,1.74
85,161.4990234375,0.51993436,1.1924887,0.09493719,2490.512675200189,2943.779747812154,21.12319687909035,5458.014723209107,0.053336324197602474,0.03273621375495357,7.1,1.14,6.2,1.6
86,198.76802884615384,0.55010056,3.884113,0.14451176,3810.2685848973447,3915.1334871955655,21.42470499477766,8256.452444274053,0.08930528219184698,0.01566665123168975,5.4,1.62,5.6,1.2
87,99.38401442307692,0.48869398,8.48229,0.33137047,1118.8715865265344,1306.7511193463222,20.125374034425338,2163.021902470537,0.028527850898377127,0.02801500660339894,5.3,2.45,2.6,0.92
88,129.19921875,0.577163,10.142423,0.25599545,2193.2548283975525,2839.0245579360712,20.947668985337348,4776.718387470998,0.03798045163057489,0.02717878027984937,6.7,1.73,5.5,1.28
89,83.35433467741936,0.47457767,1.1153035,0.10956145,1567.3698917664449,2081.9687331767145,20.493980191580167,3103.915268486766,0.03347933974111283,-0.016336735472412975,4.5,2.29,4.8,2.04
90,97.50884433962264,0.55635756,2.3199203,0.13149829,1979.0568392343848,3007.192767586688,22.763221118016816,4271.1125039243625,0.030350918502060793,0.022013796803219493,4.3,1.73,4.2,1.72
91,120.18531976744185,0.6112319,-7.4851675,0.047757942,3033.6752278337917,3233.12071005746,20.655156827024044,6378.060436690977,0.06771688643096342,-0.005514967910892373,4.5,1.43,5.5,1.2
92,103.359375,0.428483,9.295806,0.45077634,2130.7025621763546,2566.8951151076135,20.65522410837989,4124.856458896831,0.050031344587197324,0.011082063781217111,5.8,2.18,4.7,1.79
93,89.10290948275862,0.43830675,1.5982376,0.14701353,2819.4559805030126,3371.2789506580084,21.884890451333735,6217.158952972011,0.058743845215472816,0.011900150547338017,7.2,0.75,6.0,1.73
95,89.10290948275862,0.40604547,-10.69567,0.037130468,1372.2879905782263,2031.777688584934,24.901272308932242,2742.5435226888526,0.02658076337905719,0.11338227640130752,3.3,1.85,4.6,2.2
96,151.99908088235293,0.4231359,-5.736355,0.05994968,2882.845568226408,3304.2223038443904,22.145334527970057,6371.386844563257,0.055794153407626904,-0.012749557884398782,6.8,1.33,6.9,1.3
98,147.65625,0.40335926,2.1215124,0.16169694,1714.9400578103553,1703.0171910105412,21.291029460121887,3200.3265522362826,0.05624806297494848,0.027252086694240736,4.3,1.73,2.7,1.42
99,126.04801829268293,0.4745521,1.6463568,0.12323787,2018.6573742261767,2553.8075576071324,21.093519486859588,3952.4335892183876,0.04772895720546533,0.030485494607671523,4.3,1.85,4.1,1.97
101,156.60511363636363,0.32739234,-24.37185,0.031494096,1224.401482542222,1643.1299977385527,25.378678255548675,2149.265502741016,0.030253438345247297,0.15227313409255724,3.4,1.62,2.8,0.87
102,161.4990234375,0.4399721,2.823389,0.19058003,1355.7197511367997,1338.2108370070987,21.358264494023235,2615.7461269561436,0.0372555323447965,-0.017690860767667516,6.5,0.92,5.4,1.56
103,74.89809782608695,0.58808166,9.71937,0.33448535,1032.928450617475,1474.9909937277073,19.78221259792233,2111.2468076820905,0.016422199011463162,-0.025908050553489544,5.6,1.91,3.3,1.79
104,107.666015625,0.5164176,8.136033,0.26267943,2000.9854600624697,2361.271921028922,21.47244146818327,3949.33478283182,0.04503709025631118,0.06425615701127593,6.1,1.81,3.3,1.79
105,107.666015625,0.5037556,5.036736,0.1907688,2358.0297600741133,2782.206154459525,21.46626773769681,4745.3699315349695,0.05231074510561566,0.02479775078583529,6.5,1.43,5.0,1.41
106,135.99917763157896,0.3643153,-1.5898951,0.14185253,2028.59850775098,2563.4267980622267,25.39093564885184,3860.9549467082365,0.04623830843967518,0.015641649747235944,4.6,1.5,3.3,1.19
107,117.45383522727273,0.45419177,7.8014035,0.27517268,1725.005830683231,1951.9974796698975,21.27922605313192,3365.929977523202,0.0464068592501289,0.031264758697941444,6.0,2.0,4.8,2.14
108,117.45383522727273,0.43548405,-5.654976,0.08842524,3544.948945453764,3575.715210153384,22.56632353661872,7245.326402364886,0.0922852820632569,-0.06264722137898449,4.5,1.63,4.2,1.94
109,172.265625,0.36744472,4.8587933,0.40774563,1308.7338391388728,1739.475559374738,23.485756232246565,2485.52229100203,0.02873042343387471,-0.019157542001794665,4.4,2.24,4.5,1.5
110,97.50884433962264,0.43430105,12.075645,0.413936,1178.393628348687,1547.9094574985043,20.82236733108359,2171.6782147259282,0.03197329571087909,0.04033679419390303,4.4,1.8,2.8,0.87
111,95.703125,0.35849413,-24.38668,0.04806607,1285.8681317516575,902.5210905516,21.52150514982857,2357.855210448086,0.04858304028905646,0.010100591626163143,5.3,1.27,5.3,1.42
112,126.04801829268293,0.38566852,2.100456,0.22613448,2525.0681576172606,2727.132740608859,21.61524598341569,4900.122126957656,0.06297128770301624,0.0016388766336897734,6.8,0.98,6.4,1.56
113,99.38401442307692,0.5725602,7.9199953,0.19138981,1666.091102046359,2121.8450061185663,20.12905511868486,3342.648138413573,0.040247264920082494,0.038293252892349236,5.4,1.28,3.8,0.87
114,92.28515625,0.4040281,-3.157262,0.08659701,1882.836453050166,2583.4462023847623,23.586347999304536,3935.1803808367167,0.03829993031386955,-0.039509054288789425,4.8,0.75,5.7,0.9
115,132.51201923076923,0.43249395,1.5333529,0.2079639,2632.118841832571,2604.641496323533,20.722358965658973,5038.575388511882,0.07491004153786708,-0.010063052506883854,8.4,0.66,7.8,1.17
116,156.60511363636363,0.44957605,7.8641396,0.26156342,2182.475234878585,2957.3662482187206,21.67941527999551,4795.5974313538445,0.037784692370234414,0.023874429096974712,4.4,1.56,3.9,1.22
117,120.18531976744185,0.3338273,-17.987818,0.043741018,1323.8288048600864,1604.8130369014507,23.246945756678077,2516.0391017537363,0.03406242954457614,-0.04736026402306777,3.9,1.45,5.0,1.73
118,166.70866935483872,0.61143744,2.7231336,0.09995584,1940.874594478582,2612.1862297167704,21.20290160967603,4029.676594800522,0.03859031869848017,0.0062856183902743985,4.9,1.92,4.6,1.85
119,83.35433467741936,0.3869357,-5.224368,0.10085657,1575.6572409710825,1272.3431453404921,22.874226739885433,2640.2081119590416,0.06769248494654817,-0.052912948110585646,4.3,2.28,3.2,1.25
120,103.359375,0.40811205,-12.503395,0.03936396,1852.9230473997957,2389.4328326044756,24.442826972321836,3638.7230426487636,0.04330798094571097,0.040118145143420776,3.8,1.6,5.0,1.61
121,69.83741554054055,0.3389646,-13.124189,0.0655349,2816.3968190529313,3083.962707040493,25.651994768872907,5923.1963049231435,0.053603941093065224,-0.0018803040124306231,3.1,0.83,3.9,1.51
122,126.04801829268293,0.4241103,11.33324,0.35808173,1768.6960376374095,2189.9719632167335,22.143956274762743,3494.463894356163,0.042347266832496136,0.035954825436614934,5.5,1.91,4.6,1.85
123,117.45383522727273,0.49350992,3.4278293,0.120499834,2444.638345629641,2707.965283175162,21.944971940186676,4979.03028928997,0.06088191570310487,0.03545152207114309,6.1,1.58,6.2,1.47
124,107.666015625,0.38435626,0.652131,0.21116893,1241.6272802221565,1600.2308003007663,22.618221326870554,2014.8116888413574,0.03413676305910028,0.02293628258007131,3.7,1.27,2.8,0.75
125,70.79409246575342,0.39667484,5.3393087,0.2366433,1254.511513140537,1718.5196514265585,22.748743302657235,2415.282636673434,0.030782614518883734,0.02707563423040987,4.5,1.86,4.2,1.33
126,156.60511363636363,0.3572654,0.62267697,0.1417814,1568.8039523808827,2345.8321375401238,24.49339329669732,2911.181451953729,0.0329986053419629,-0.024033760388965177,5.1,1.64,6.1,1.37
127,198.76802884615384,0.2673924,-21.44846,0.06030183,670.9687452043038,506.3942240854875,25.050646494874627,1007.5619822860317,0.02492775148119526,0.09919426259162599,3.0,1.84,5.3,1.68
128,258.3984375,0.32900178,-7.6018996,0.13192773,562.9871104798586,515.0152357485214,22.228860239910606,895.4972469088099,0.020071730301713036,0.017275416106962337,3.6,1.43,4.0,1.55
129,103.359375,0.37768048,-0.7493173,0.15939398,1429.4671328536856,2167.6420497807617,22.618809971372244,2759.7334754153785,0.028947078463098918,0.030498418458029728,4.2,1.72,6.0,1.67
130,99.38401442307692,0.4453739,-13.919137,0.057970878,1268.1216473784316,1679.7441148580353,22.546625792274625,2766.5142156685033,0.028357194790861046,0.0501627069166351,3.3,1.42,4.2,1.33
131,126.04801829268293,0.52556425,-0.0860043,0.11083401,1679.7015143167037,2146.755250666459,20.348299306095303,3556.5562889417506,0.035834334548879444,-0.005515615211990025,6.1,1.04,4.9,1.64
133,147.65625,0.31755492,-5.267518,0.14211419,1074.0420609162627,1468.1663015083286,20.323983529135496,1931.8819333671693,0.021445226902874454,-0.015877933379772054,2.8,1.99,2.2,1.17
134,93.96306818181819,0.45687336,-3.3807812,0.08616496,2122.218107205341,2534.078145092531,23.15952560489355,4585.978743539896,0.049982918960909326,-0.044200204565666056,5.4,1.74,6.0,1.18
135,117.45383522727273,0.24047959,-23.043182,0.037166648,1733.6020946513158,1925.9877539058582,26.972019013578354,2998.395916851816,0.048149034204340545,-0.06783545556767108,3.7,2.24,3.5,1.43
136,101.33272058823529,0.5107227,6.8982553,0.17801401,3435.0532660588265,3800.313431771117,21.563583838668475,7742.560451711137,0.0751729061936066,-0.008128236648630301,6.8,1.33,6.2,1.08
137,191.40625,0.2594873,-27.103174,0.008988621,919.6283879884867,1004.2069309632653,25.301540541892688,1675.6429225275522,0.02642836426914153,0.09109284050121612,4.3,1.68,5.8,1.33
138,93.96306818181819,0.42691445,-9.085682,0.07784016,708.5940842351997,856.9813902694892,22.4357239219684,1147.1949864760434,0.019733505602782073,0.004130981142064109,3.8,2.64,2.4,0.92
140,99.38401442307692,0.53086936,1.4983063,0.12324592,768.2794861979368,935.1834728227618,21.891792241686936,1552.0103301294437,0.021282622520607933,0.0827188966258126,4.2,1.47,4.5,2.01
142,95.703125,0.3406525,-11.434188,0.07959204,959.1772549204272,997.6251438978442,23.82506389337826,1771.3638895261786,0.029579504564335394,0.09160880419415803,4.6,1.8,4.8,1.72
143,129.19921875,0.32369608,-20.986399,0.02753718,1138.0685102594634,1177.8491711972408,25.09409991349911,2298.5403676044084,0.03234778313515081,0.017367592043810613,4.0,1.73,4.9,1.45
144,117.45383522727273,0.3182168,-8.978656,0.06937569,1631.9616743883219,2089.8453249590384,25.668973146324007,3076.677829538863,0.04301331085653519,0.1373675774139738,3.4,1.11,4.7,0.9
145,90.66611842105263,0.29234254,-19.77534,0.06445242,870.0321720641309,1101.531096831938,26.910399402726206,1385.471034768745,0.0288322466422958,-0.04983917925189732,3.1,1.92,5.4,1.91
146,41.015625,0.21794108,-21.721514,0.059119765,590.4537335621069,726.4374706359619,24.743760687599945,712.7417956646979,0.021375069592370257,-0.05188807191613105,2.4,1.8,3.5,1.91
148,120.18531976744185,0.23452368,0.63892126,0.24505907,3780.828782182268,3967.6318178240917,24.83791283042905,8365.208091647331,0.09669353409383862,0.06923391273789513,4.7,1.19,5.0,2.05
149,198.76802884615384,0.46886048,-7.352778,0.056449153,768.7056387208603,1135.6433857146685,21.96988414934138,1262.4547566291537,0.021901086947771767,0.007183732325706778,3.4,1.85,3.1,1.92
150,135.99917763157896,0.27014458,-21.38716,0.11906729,2102.836715026547,1716.8824705945356,26.892519109128905,3601.601698448376,0.07410017280549111,0.0800332382132589,5.0,2.45,5.4,2.2
151,143.5546875,0.34192222,-10.831324,0.07090778,1003.2016773861859,1753.5713221203962,24.24808571655989,1656.5256864615533,0.020295620210265326,0.02588389178001597,4.0,1.95,4.5,1.28
152,101.33272058823529,0.3862172,-5.5571723,0.09920999,1993.6816690822238,2821.818299382831,22.36568672358732,4070.3689127101043,0.03688749758500773,-0.0030090855304677356,4.4,1.62,5.6,1.43
153,166.70866935483872,0.27167758,-15.381055,0.07870219,622.5971214868863,505.07907820576025,23.584478518700532,938.5414654173106,0.02359875104649665,0.08006186133322078,3.9,1.92,4.5,1.69
154,172.265625,0.35047153,-1.7768806,0.10831279,1159.6107637175191,1701.1112383001037,24.008812464225056,2042.7587966093508,0.033227903826957755,0.03898993541895716,4.2,1.66,4.1,1.87
155,99.38401442307692,0.29931724,-0.9359301,0.13509157,1292.467306249354,2034.5832212847058,22.867351511262573,2396.0874861137945,0.028996887678709428,0.022403485562831154,3.6,1.96,5.4,0.92
156,109.95678191489361,0.388798,-0.4716155,0.12879685,2754.3880694420286,3047.094767082409,22.085178354104812,5764.108988601237,0.06673906612248841,-0.00462720938757447,6.4,1.2,6.7,0.46
157,107.666015625,0.34040678,-25.03341,0.054164708,1561.6708543433008,1631.3909820463912,26.877122226771363,2901.585253755313,0.05609876110896445,0.08685208864623445,4.0,1.67,6.2,1.08
158,172.265625,0.23729691,-26.303083,0.04321009,797.657659644268,877.6798061386362,24.753824186988314,1141.9697733529754,0.027256458091834107,-0.058458968482019466,2.1,0.7,3.6,1.43
159,139.6748310810811,0.42578518,-7.8875957,0.0434703,664.0056721997257,1254.0718140288084,19.95495506269375,1006.202983119204,0.013589865887429161,0.004829957242055014,3.8,2.56,3.1,1.81
160,120.18531976744185,0.36046427,-3.4421709,0.08725794,1578.8928843359893,2016.5974091382016,22.62004326980663,2997.2421542938564,0.04491973672559248,0.03813001472937381,3.5,2.11,3.5,1.57
161,143.5546875,0.46113312,-10.362223,0.04234338,1002.2737143833386,1472.9393295691978,20.284947853637238,1769.2061316653787,0.02247754057187017,0.01264441717828873,6.3,1.19,3.5,1.91
162,178.20581896551724,0.26753646,-13.804281,0.07635057,893.3821441391243,920.205763931914,25.217778762547482,1589.9901966407458,0.028038689182444617,0.061251335000026344,3.7,1.68,4.6,1.02
163,97.50884433962264,0.4427906,-1.7463857,0.110154755,714.4450208202961,1058.829553530093,23.75418455749618,1361.7060712905718,0.016946956707238538,-0.0017976640104475988,3.6,1.28,4.5,1.36
164,161.4990234375,0.25996238,-9.970273,0.06314375,880.2774340167218,1278.4005774355223,24.857171669273015,1317.1586332954985,0.028731238528786708,-0.0456323522640039,4.1,1.7,2.9,1.97
166,161.4990234375,0.39743957,3.8536384,0.20035534,1944.5862387295945,2333.0234238901066,21.556049632556956,4108.6982361500195,0.039738697836166924,0.04378165444588268,3.1,1.45,4.2,1.08
167,103.359375,0.26494932,-17.004202,0.068917595,929.8095640758577,946.6422509718641,27.945136854612457,1733.3756661470418,0.028248310212039187,-0.0009811241649325861,2.7,1.35,3.3,1.62
168,123.046875,0.31301877,-11.565788,0.07127885,1227.3123578877228,1287.1507710417607,22.47166499861156,1987.3830843967517,0.04184277016466873,0.08043337129759674,3.3,1.35,3.4,1.56
169,105.46875,0.4454315,-4.630249,0.08866694,993.6268157010664,1706.1971401196,24.248984891106815,1727.2102839427164,0.017465551141486346,-0.002119928148492271,2.4,0.8,2.8,1.08
170,161.4990234375,0.32329035,-23.867807,0.030999383,825.3660337932289,922.1582317963838,25.22793028724704,1407.2186760408617,0.027193190325540958,0.06990635223734594,3.0,1.55,5.0,1.48
171,18.326130319148938,0.34589607,-13.843399,0.040073853,408.1550629309378,576.8635246476123,23.09919380148582,596.7226668155912,0.017211599610381247,0.030416746170574542,2.1,0.7,3.6,1.74
172,72.78829225352112,0.43069142,0.9468855,0.14915453,644.770155380522,797.606437511927,21.16011591692706,1143.1860408207656,0.019455597246390822,-0.10937847095542996,3.8,2.23,5.0,2.24
173,78.30255681818181,0.31104603,-15.438371,0.07870455,1133.2305293866466,1194.4521936397389,23.57136389672547,1774.1429041489566,0.039003760344216896,-0.00299204140371441,4.6,1.69,2.2,1.17
174,107.666015625,0.3598173,-3.614608,0.110173605,1331.9378016696812,1654.7542798633783,23.579141593661614,2529.5356573608965,0.03674850974851881,0.03568721837151931,4.0,1.61,3.8,1.4
175,86.1328125,0.3043077,-14.700027,0.07437509,2404.0089643951756,2193.8503252431083,26.54879499554084,4298.292487260916,0.07841957874484802,0.036485089371994676,3.7,1.35,4.3,1.55
176,62.26468373493976,0.27646276,-8.673461,0.13026543,433.19186490906776,416.9070536879637,25.1773624486726,613.1582363311437,0.01710342808153014,0.03039269594116213,2.4,1.62,3.9,1.58
177,101.33272058823529,0.43541536,3.4472651,0.1197915,2697.182483070706,3390.8697670525444,21.844297311091626,6142.909205346793,0.05257136302163833,0.035940096890486585,4.8,1.4,5.6,1.74
178,101.33272058823529,0.30089092,-11.935901,0.042851232,3493.5233540852737,3807.9070341682686,23.20041171746771,7860.917123502705,0.05908027031813498,0.03407096002158215,2.8,2.09,3.7,2.1
179,97.50884433962264,0.33090332,-4.2997794,0.1211484,1392.7356088723866,1785.560941027741,22.457120434077588,2408.091054264876,0.03925016502447192,-0.054273105064353275,5.2,2.04,6.0,1.95
180,99.38401442307692,0.42364857,-0.31076175,0.14367157,484.2552343139793,664.9896992898771,22.167311426807093,875.0507540603248,0.014973328942704305,-0.005082052232095122,4.8,1.89,5.9,1.37
181,135.99917763157896,0.44195843,-1.9196193,0.07849271,1758.570792643983,1882.0804844127479,23.187702085938152,3473.201856148492,0.054695178565674143,0.050251374337403586,3.7,2.1,2.5,0.92
182,123.046875,0.3294026,-18.86874,0.03711699,987.8289825538538,1251.3998382333602,21.114748120004187,1631.958309686534,0.025016426978683667,0.033786425753707786,2.2,0.87,3.7,2.05
184,114.84375,0.31704825,-9.945938,0.09917703,1725.6754153888235,2017.8323947442054,24.590775664189326,3234.9338820397024,0.04092556591318908,0.07008892147869919,3.6,1.85,3.4,1.11
185,101.33272058823529,0.3619269,-13.897076,0.03847523,934.648936589555,1137.821497325763,22.04007507069973,1695.81462972131,0.026654974079082946,-0.011396662337542912,4.9,1.92,4.6,1.36
186,139.6748310810811,0.5071729,0.22028455,0.12648702,1260.5688876616732,1768.2782221520808,20.967125090033793,2558.607145660259,0.02503202380377383,0.09425846062428103,3.7,1.68,4.0,1.61
187,79.50721153846153,0.19220458,-27.413013,0.03191615,928.5697545967583,723.0828732919281,24.405337048915566,1273.1048725487829,0.041000657079147344,0.03674205184474283,2.5,1.86,3.7,1.95
188,120.18531976744185,0.306599,-3.4533768,0.14719893,1996.6382605623078,2740.582824095431,23.660580959733448,3825.2886670450152,0.03665606082560536,0.046147732540305984,4.0,1.55,3.3,1.55
189,178.20581896551724,0.4356483,-8.6923895,0.18729757,1990.2491851497266,1863.5352352185544,19.33185704093901,3456.476014174884,0.061026093024941996,0.010102369211929507,6.5,1.63,7.1,1.58
190,75.99954044117646,0.32146534,-19.87357,0.06441201,1378.2995747286266,1423.2156120972784,24.20812536669724,2632.9794899216936,0.04153814510021913,0.02556542377960226,2.8,1.83,3.1,1.3
191,89.10290948275862,0.29417655,-13.700925,0.0644201,825.4802571861968,806.7632510032973,22.928841016205684,1425.3793424579792,0.026294360389296754,0.023306635379535128,5.1,2.02,6.3,1.9
192,74.89809782608695,0.2707601,-16.758165,0.17519876,1973.8542356168782,1854.8910166057517,24.89932474055738,3418.071500374324,0.0631639970939593,0.007601321636332526,5.8,0.6,6.1,0.54
193,109.95678191489361,0.3112291,-2.124197,0.14933498,2600.5412269616345,3122.6817662446565,22.599673667379736,5383.367361625547,0.05880587115112085,0.09696445509990985,4.1,1.81,3.0,1.34
194,172.265625,0.28002948,-17.900383,0.060118098,684.7791686786525,657.8729620797795,23.908901444343172,1080.9312964886012,0.024686126473145286,0.06515469843715377,2.7,1.79,4.7,1.27
195,143.5546875,0.25018728,-14.405306,0.038894758,1229.1674971392247,1818.2423927908935,24.847107684093615,2110.192889960877,0.032197381343379704,0.052063535384462,4.2,1.94,2.7,0.78
196,172.265625,0.2562913,-9.867031,0.124031,1314.2747622837887,1621.3124739150114,25.115391628081003,2247.3075854907265,0.03869509414444874,-0.036094832047861715,4.3,1.68,4.5,1.63
197,84.72079918032787,0.24119452,-14.831294,0.070365734,483.0402989659955,405.5545821575634,23.956024283348658,688.9126169156033,0.0206175782257025,-0.05808507378071162,2.2,1.4,2.8,1.33
198,112.34714673913044,0.36732775,-6.26279,0.061943423,726.908922458211,1238.4431394135725,24.299864788284005,1222.7941686992851,0.018826499911450283,0.14024061794940942,1.9,0.7,3.3,1.79
199,112.34714673913044,0.25041074,-14.07537,0.041321296,1939.7547447154238,2088.807359625825,24.79273437489978,3511.4157161894486,0.06038734379026024,-0.059986590822086676,5.3,1.49,5.7,1.27
201,107.666015625,0.24578921,-22.567003,0.05917423,974.7801242590526,975.5844387132769,26.873885713341807,1818.4815019576565,0.02848294703854086,0.021057500104286874,3.7,1.49,4.8,1.54
202,198.76802884615384,0.24286866,-26.26731,0.057743736,1685.6211188548202,1831.976309776508,24.417501309959892,2913.521765334977,0.04521693332688837,0.08527968196088277,4.6,1.36,5.2,1.4
203,99.38401442307692,0.18377462,-16.885935,0.087467894,830.2935067505582,602.8269455720036,24.63689373158431,1288.78357924884,0.03180663307231245,0.05110542303576393,3.5,1.96,4.8,1.66
204,123.046875,0.46833262,-3.3489954,0.082413435,987.9884707163128,1360.0147566179403,22.12792940177251,1997.0366652769721,0.020769513123549885,-0.00850299178197383,3.6,2.01,2.2,0.98
205,55.569556451612904,0.33920416,-16.71199,0.067570366,736.7453208193097,673.4005519726833,24.55225076146411,1244.4993268209041,0.023513974755280782,0.05137449207754802,3.0,1.41,4.5,2.01
206,184.5703125,0.2260695,-28.014442,0.018355563,1004.6670174048206,1338.8905630642296,24.92920394546895,1614.8848426028787,0.02784272262203761,0.01074566212136109,2.3,0.78,2.6,1.02
207,120.18531976744185,0.39495835,-5.5737076,0.075450644,1487.3694906026683,2105.2349041994134,21.325858847971496,2987.3242338437017,0.02782121409711489,-0.02505354435535059,4.8,2.09,4.8,2.44
208,123.046875,0.4946401,-0.09822757,0.18426713,2287.915747589905,2941.979199631876,21.709372630969675,4698.775674386592,0.044998727097823286,0.019872864429067293,4.8,2.04,6.5,1.02
209,123.046875,0.39191362,0.24540938,0.14436767,571.1332503109081,825.7187331068734,21.853594259016088,941.6366553564528,0.01618283805866821,0.20381190887269757,3.1,0.94,4.6,1.85
210,139.6748310810811,0.3510403,-7.5473194,0.051374484,1375.9583822914615,1801.7165395426678,22.2382009194217,2618.3298062282483,0.038922145889726735,0.06912668615581583,4.2,2.14,5.5,2.16
211,84.72079918032787,0.34954146,-5.5285454,0.10434044,912.9953951947356,1299.8965390669266,22.10394945392453,1597.6148990356728,0.021984237037574118,-0.035748333646408205,3.1,1.22,4.9,0.83
212,93.96306818181819,0.34400553,-8.61421,0.07303475,1922.6311863969247,2467.637641017066,22.844648032500782,3824.4278839182134,0.0457595939272364,-0.037765370976180684,4.6,1.56,5.4,1.8
213,112.34714673913044,0.30476364,-16.77171,0.03113925,828.4134452805807,1021.6159424349232,22.132257914296893,1294.4347266531322,0.026151810026746585,0.062374189235087876,2.6,1.5,2.5,1.63
214,120.18531976744185,0.27138638,-19.516666,0.0531354,949.386982918048,1216.151587166377,22.794318380140496,1462.793421561051,0.02733293284711489,0.03190413082850611,3.6,1.96,4.1,1.58
215,89.10290948275862,0.38579804,-15.0188875,0.03811793,1064.1417494776279,1509.7331704536632,21.88390875843709,1930.1110924811485,0.02477419981792988,-0.012007495622268865,3.2,2.09,2.6,1.2
216,139.6748310810811,0.25440237,-14.436045,0.050168235,1366.7742323763007,1673.4819421282448,24.965477389521386,2416.056453463099,0.03730773139650953,0.052275285248236394,4.5,1.57,5.3,1.1
217,92.28515625,0.27442357,-21.593826,0.077497795,2631.227556411723,2440.2886979867317,26.18744563721552,4702.514308829212,0.08775251762944358,0.08056569751838774,3.5,1.57,4.8,1.6
218,120.18531976744185,0.25408858,-7.321526,0.11954778,701.1272829311328,735.5115633486225,24.242686106577587,1074.1418475898377,0.025942551358835653,0.04926903521314532,2.9,1.37,4.0,1.48
219,74.89809782608695,0.30494192,-7.1639447,0.1610048,1089.7739351243004,1584.3187011762548,23.829130817353136,1676.2202499637472,0.03086858927880897,-0.03582246945373202,2.4,0.8,3.8,1.47
220,129.19921875,0.49270663,-7.2473826,0.087907895,768.5832767077471,1082.707633785593,20.99067653127453,1301.8213569841575,0.01946483771251932,-0.03427077693924728,4.1,1.51,3.4,1.02
221,120.18531976744185,0.3110038,-10.512298,0.06959734,1570.6828355065811,1974.2461257487728,25.02685963236096,2935.676705698956,0.03972436718548595,0.015724069531492087,4.3,1.55,3.4,1.8
222,86.1328125,0.4015013,-7.235139,0.08104274,1539.93970985771,2241.5683239335,23.363946065810907,3028.571245290765,0.02814572868366821,0.0001728476860169853,3.8,1.33,4.3,2.37
223,49.69200721153846,0.3343203,-9.860353,0.08698548,445.1720911804053,390.33453939566243,23.365992409389033,648.2037740291731,0.018519971986089644,-0.00312730344094172,2.2,1.08,3.5,2.16
224,191.40625,0.34518147,-3.4454663,0.1455332,2571.733336993577,3042.2679076460504,23.402428197191046,5052.226396469281,0.07210135521316331,-0.05099530454931603,5.5,1.5,5.7,1.79
225,99.38401442307692,0.3698504,-8.563054,0.091093004,739.7157003865942,835.7555424542395,22.028524295599635,1201.926597819262,0.026614975769577536,0.029798711576803905,3.7,1.85,4.2,1.6
226,99.38401442307692,0.39571992,-7.7043395,0.11556646,1955.3822705548916,2368.997305133929,20.833850973340514,4333.7139510223315,0.04680853634957463,0.02122253013920813,4.9,1.7,5.0,1.55
227,87.5926906779661,0.3024962,-13.085794,0.06369323,1547.712643549328,1729.0024925052817,24.624763328787125,2901.013919411708,0.056229070066975785,-0.027223118020313537,3.1,1.14,3.5,1.5
228,79.50721153846153,0.39363515,0.28354004,0.13373895,1689.9044317735,2353.0265895059497,23.54219209918191,3564.2030932787125,0.022259910133088427,0.020163497726940857,3.5,1.63,4.0,1.26
229,71.77734375,0.41887274,3.2509239,0.17587534,1755.1154837850254,1988.9881774161922,22.062751592474058,3707.3719148473724,0.043743685801455434,0.038672837915073505,4.8,1.6,4.8,1.47
231,129.19921875,0.40218946,-4.2420015,0.07455761,1896.8290618971923,2340.143011446866,22.028891355152286,3992.0350913470825,0.045869256343379704,0.05566836069472116,4.1,1.45,5.6,1.69
232,120.18531976744185,0.34084752,-21.383955,0.029477458,1676.035174082433,1899.5258774773954,25.581638936197006,3100.897735642871,0.047917597444938176,0.020009121698720836,2.5,1.75,2.7,1.0
233,99.38401442307692,0.5058994,1.0857852,0.1180128,2131.715796261171,3101.9173709184843,20.50890962873381,4901.039125893547,0.039300980486862445,3.407210319864068e-05,4.7,1.49,4.5,1.8
234,80.74951171875,0.27518407,-24.896677,0.063126415,1362.8353720969244,1776.737382451444,24.55048011836122,2183.246968351218,0.03339156455433101,0.06408459916486194,3.5,2.38,3.9,1.45
235,90.66611842105263,0.21826625,-22.972048,0.09346874,2056.406728786931,1743.523442908404,26.633329814215596,3260.782600886302,0.07544171718025502,-0.046602996324958165,3.0,1.1,3.7,1.35
236,51.16800742574257,0.36823577,-15.781508,0.027704611,995.3231790784563,1590.6566039610125,20.503513326586774,1606.4857571418213,0.02403932331947667,-0.012548515270452155,2.5,1.5,2.4,1.2
237,132.51201923076923,0.32327652,-11.0732155,0.118155934,2079.8520335539415,2075.445680790864,24.73559281444677,3819.6640745749614,0.05601058873486605,0.03676875319607398,4.2,2.09,3.9,1.3
238,120.18531976744185,0.36275667,-8.708261,0.089255944,503.0988746939632,495.64265814095705,22.01831328506218,834.9857289050425,0.016576657892194743,0.07774217671530859,3.0,1.95,4.6,1.8
239,53.8330078125,0.20125376,-15.65881,0.08553516,480.48467420891103,479.9648362824152,24.361003015250937,667.6957049362442,0.019261827424652243,-0.05223772799172292,2.3,1.9,3.3,1.55
240,64.599609375,0.371366,-2.0929947,0.187913,2448.2059833684502,2622.7565634942566,23.09096223322669,4960.67977504347,0.06283319346503091,-0.0014714201812532335,6.4,1.36,6.6,1.02
241,151.99908088235293,0.37778404,-4.7788296,0.126867,1144.0177548851893,1536.123570810214,22.615863278078365,2124.4873424217544,0.02857803745653014,0.07763493230068057,4.1,2.12,4.6,1.36
242,90.66611842105263,0.4651172,-2.4418178,0.09127957,1752.1323607397455,2373.148458441959,23.76838670974039,3919.4759643271464,0.033253728006573856,0.08950492882745995,3.5,1.75,4.7,1.55
243,151.99908088235293,0.49448514,-1.1106702,0.11436984,1077.463356682986,1403.5817825226673,19.89099380456601,1967.4430829466357,0.025656983114204692,0.013146248854055001,7.2,1.4,4.1,2.17
244,166.70866935483872,0.29301125,-16.150074,0.1015453,2108.339385409091,1909.2408088738298,26.200001554762533,3503.8279663935614,0.0715646097173885,0.13558656610048478,4.3,1.35,4.2,1.66
245,109.95678191489361,0.28932068,-9.613909,0.046988707,1645.4720049835257,2108.0637444361932,23.39812681952574,2985.6102308128866,0.047428309948158165,0.0008534257473301692,4.2,1.99,6.1,1.58
246,198.76802884615384,0.5549465,-0.39489686,0.112452686,1225.3597372730721,2169.346086684577,22.42980767094416,2332.186344438805,0.018044377577984015,-0.07456663963368719,4.9,2.66,3.2,2.04
247,132.51201923076923,0.35574824,-8.8253565,0.06307202,2071.4401610785826,2730.5900753606725,24.357418850253826,4563.535843013427,0.04965387626384596,0.04948966442117633,3.9,1.22,4.5,1.28
248,123.046875,0.26914683,-8.280612,0.14678232,1122.500016295894,1240.4460852887394,23.14165757245933,2042.1763683949962,0.0337697677179933,0.04511805495103474,3.4,1.56,3.7,1.0
250,126.04801829268293,0.31230238,-18.25836,0.022534994,1651.4110060738371,1941.8435957523307,23.101024966287884,2991.6227242898094,0.04788012210931461,0.09672557096800777,3.4,2.06,3.6,1.36
253,107.666015625,0.33453625,9.171701,0.41797963,2143.4323001341427,2457.5555640433945,22.95001450449041,4225.023017895092,0.0515137976558475,0.024023305750926705,6.6,1.56,2.5,0.81
254,151.99908088235293,0.25904745,-10.136493,0.14739355,1016.3480663978545,704.3441913131015,25.291705521260333,1708.5727912920534,0.04361236485724414,0.06949796690350118,5.3,2.28,7.4,1.11
257,97.50884433962264,0.4610375,9.714861,0.3243155,2384.1571884719388,2650.912291005203,20.993062890260216,4727.752864784583,0.06087000599723081,0.010175403270749802,7.6,1.5,6.9,1.7
258,57.421875,0.3199242,-4.2724867,0.11719672,2197.403586364649,3083.1624207243262,25.7679749305501,4644.349144488988,0.03879622194583977,0.03305711118654112,4.3,1.35,4.3,1.35
260,72.78829225352112,0.4140045,-4.2124667,0.07169177,2597.4082426941554,3196.8534522967434,20.605924166225662,5613.371019790861,0.055757140327150956,0.009349214328626477,5.3,1.42,3.6,1.62
262,132.51201923076923,0.30410954,-9.927727,0.07044231,1157.9174045624566,1786.6820727626678,23.97086543977832,1839.4580681873067,0.030042126521445132,0.11302035217550885,5.6,1.5,6.9,0.94
264,178.20581896551724,0.40173683,-9.171632,0.041962054,1665.3696136562266,1933.735147420014,22.980303678325964,3181.1507966455756,0.041277123381955175,0.034497381832798414,5.3,1.27,5.5,1.5
265,117.45383522727273,0.31210548,-26.871143,0.03991034,3041.288179041154,3292.2267696899994,20.953776667360696,5867.176594800521,0.06794454976494076,-0.007873425323783786,4.5,1.69,6.4,0.66
266,99.38401442307692,0.40797454,3.9757757,0.2230277,971.5141233282293,1742.405173286707,25.34446516125534,1778.49724841818,0.01761548191170788,0.059407451891278135,3.6,1.5,4.8,1.94
269,166.70866935483872,0.48221537,5.631654,0.17753235,2143.2513576608317,3084.0463785959973,21.688950514039558,4875.473300751062,0.03411818066557187,0.003302189646260909,4.3,1.73,4.8,1.94
270,135.99917763157896,0.2911066,-6.8298736,0.18010963,858.8318466824478,803.831829015241,24.61928060274029,1483.78302501932,0.028010011149214323,0.017488786497945153,6.1,1.64,7.1,1.64
272,109.95678191489361,0.4285036,3.1433635,0.20982988,2041.553537397184,2698.6011529204466,21.562953413452647,4078.985510006338,0.04412610098153926,0.0008854863234008695,5.9,1.81,6.4,1.85
273,120.18531976744185,0.29718727,-5.886942,0.090949565,1785.5374187513362,2226.3964665942817,22.60633814130067,3522.542481223435,0.042801461472823286,0.014285077203096424,5.4,1.74,7.2,0.87
274,151.99908088235293,0.4408653,2.1895914,0.16756706,3124.2732691114497,3048.6346057275055,21.00220222962744,6155.328793650985,0.0823040686582303,-0.0028988869772453955,7.7,0.9,6.0,2.0
275,156.60511363636363,0.5464081,6.7536054,0.17521888,1722.9724880763172,2315.9255379099486,21.69527771904501,3671.5082792560906,0.03514114462490332,0.03275507206989857,5.3,1.42,5.5,1.02
276,156.60511363636363,0.38847968,-3.6714923,0.10806279,2512.3549847892755,2773.4704128391936,22.321618608982735,5050.013169254734,0.06285294105808861,0.002405826464433405,6.1,1.51,5.3,1.68
278,120.18531976744185,0.4488191,1.1791437,0.15756857,1669.112773157233,2397.4506360667783,22.145997179870136,3493.225125978828,0.030181294711910285,0.010239857959010775,5.5,2.06,5.1,1.64
279,112.34714673913044,0.4210718,-6.823299,0.08957098,1947.9275021619274,1962.4318025616315,22.650228631192455,3296.682366632052,0.05608228381794178,0.04438728791844009,3.6,1.2,4.7,1.42
280,120.18531976744185,0.27980158,-8.664882,0.12700556,875.899932557384,699.6848478440887,24.305329085273637,1529.5568762688515,0.033316289435099254,0.02927689093362016,4.2,1.66,3.3,1.1
281,126.04801829268293,0.32923636,-21.125647,0.104748555,1047.3769314571202,805.918809906767,23.36299220180934,1799.6906041545824,0.03672255151939933,0.015503405163648891,5.4,2.29,7.0,1.18
282,178.20581896551724,0.41565686,-2.4747992,0.08121886,2080.827951433866,2471.9014605718007,22.94560945734063,3956.50818862384,0.05858141394367105,-0.02608605892663522,3.2,1.66,4.2,0.75
284,80.74951171875,0.5374824,3.3747585,0.16892317,849.8051497129209,1129.7315269961343,21.369242957424515,1702.6262663615726,0.01899127282167697,0.07288446304818005,4.4,1.5,5.2,1.17
285,114.84375,0.409601,-6.294503,0.10876755,1258.7353536002563,1814.2858819996468,21.888626171822075,2423.703845526392,0.027279048643335913,0.0016958448018009975,3.5,1.02,5.1,1.37
286,114.84375,0.28929457,-10.3397255,0.094230555,799.5122601344204,776.87330036736,24.037766762009714,1353.7787760081164,0.02738011003124195,-0.0047551725981267055,5.7,1.95,6.9,1.87
288,93.96306818181819,0.5318049,2.663479,0.21793361,844.009053174025,1812.1189855005214,24.986473402589226,1394.8563931989559,0.011005021026682134,-0.05334943809334031,3.5,1.86,5.2,1.78
289,156.60511363636363,0.30802146,-11.072487,0.09332958,789.4599767505682,690.7775813181698,22.531190305681726,1305.7985096478942,0.02793429107901855,-0.007389315585214881,5.7,1.9,6.7,1.0
290,86.1328125,0.314558,-10.686554,0.0489152,701.9099640673969,1011.7017858342797,21.707137974153312,1151.1353955191416,0.020045210387664346,0.010813059751087699,2.1,0.83,3.9,1.58
292,95.703125,0.4435462,8.747747,0.3215923,2296.7208992580204,2534.8917639393912,20.97519710258202,4523.919630566557,0.05903020954082947,0.015743927928893117,7.3,1.0,7.4,0.92
293,95.703125,0.5334428,6.064366,0.20350988,1873.2518592053416,2353.619885869446,20.381896605718218,4085.5453278955756,0.0351466906555899,0.007002596256384091,6.3,1.62,4.2,1.94
294,198.76802884615384,0.3142925,-5.5313063,0.11691941,874.4936769639456,781.2858905016271,22.321754976712878,1496.701837507245,0.03342085164702473,0.03213040227860702,5.5,2.11,6.5,1.91
296,86.1328125,0.43838504,-2.1366982,0.08752116,1726.1843924492177,2597.7813079116168,23.77206471454623,3739.9826439240137,0.02956839411736272,-0.021905104965714017,5.9,0.94,5.7,1.27
297,70.79409246575342,0.4820518,6.5262723,0.20049918,1296.1593427940008,2084.8003897545263,22.738873053134398,2651.4317629785382,0.02335215463070379,-0.04421227824042865,3.1,1.3,3.6,1.36
298,71.77734375,0.5426714,2.3368495,0.13006613,1288.6911040848454,2020.6307969825164,23.578344138674666,2753.182544737732,0.022353143313691395,-0.018875685597326546,4.0,1.73,5.4,1.69
299,79.50721153846153,0.48679245,3.4960537,0.2334554,511.8216979860582,1080.7760145760553,25.369227445899885,691.7937028712297,0.0088316093065223,-0.035052300362011554,2.8,1.89,4.3,1.27
300,156.60511363636363,0.4485963,0.7676733,0.1359201,2492.918952170431,2678.45182578348,21.40052121409832,5146.330155102879,0.060708754950734155,-0.0011558110339436722,6.8,1.08,4.5,1.86
301,82.03125,0.39747217,-2.4109616,0.11850879,1525.0355935227685,2448.275185650163,24.523209574799463,2913.4129764799663,0.026368823072339603,-0.006076160511956075,3.2,1.47,3.7,1.73
302,132.51201923076923,0.44525084,1.4722131,0.1239069,2592.5906095687674,3230.4343500838327,21.420547780141327,5829.3837490538845,0.050919392956068024,-0.002480704872865676,6.6,2.2,7.0,1.48
303,156.60511363636363,0.5123705,4.793093,0.16137859,3068.9644000857447,3166.507503030915,20.4711873122745,5913.293815506665,0.08371759382244977,-0.0005590997422611055,7.0,1.1,6.4,1.74
304,156.60511363636363,0.27620336,-17.382711,0.044137634,1585.5492029696961,1818.1006210794037,27.214779420795512,2986.392348700734,0.04585189858642452,0.012999534209429921,3.8,1.78,4.6,1.69
305,129.19921875,0.40678313,-7.9792714,0.06766934,1384.7523815373943,1372.4195175665277,22.194595077806085,2702.0786291296367,0.04729762364760433,0.01748418583301074,6.4,1.11,6.8,0.98
306,206.71875,0.3091954,-3.8440163,0.18309212,891.0885479610224,803.4965852619354,23.35332218096414,1579.018358469378,0.030522986701442555,0.010903974320950648,5.7,2.19,6.7,1.73
307,120.18531976744185,0.34338114,-7.357119,0.055030674,1915.9179446441024,2362.902780663185,22.763100805958484,3813.4808675319027,0.05118645168696829,0.052952949548635005,6.1,1.04,6.8,1.4
308,99.38401442307692,0.5014002,6.560196,0.19856349,1973.668824398438,3070.1864040008327,21.351591261946425,4367.493157265081,0.02740492676914153,0.0037290587220110047,4.3,1.68,6.6,0.92
309,109.95678191489361,0.4619829,4.7839084,0.16214897,2061.7583987288926,2403.2481656337327,21.546346684502453,4207.400404209331,0.05828420333429933,0.014407168849006906,5.3,1.68,5.8,1.78
310,166.70866935483872,0.38393646,-2.6773446,0.119395405,1856.5306303825332,2846.726837033085,23.951386930115994,4028.3508772459427,0.03047166811566203,0.0046680849769655626,2.1,0.83,2.7,1.0
311,143.5546875,0.4741764,-1.1357362,0.09515689,1534.5858315445837,2381.7328963884197,23.326849295499475,3173.534854375966,0.02512007039702473,0.016905983740911762,5.8,1.6,6.9,0.94
312,114.84375,0.3975127,-4.462158,0.120994225,1953.410995726175,2283.1418217862483,22.098374904852147,4013.2250580046402,0.0456878433955272,0.03926600590185259,4.6,1.28,5.8,1.6
313,99.38401442307692,0.526909,4.483522,0.19022758,1625.351518102942,2529.6420727988316,24.838097664629213,3629.302312935035,0.022785577186452695,0.05217672767271752,3.6,1.36,5.3,1.27
314,147.65625,0.49284136,7.2486176,0.22312295,3050.818667934922,3505.505901341949,21.880617800823735,6912.119344547564,0.06619011725799175,0.006256038672035031,5.8,1.17,5.9,1.22
315,120.18531976744185,0.305435,-5.805669,0.087320894,1787.2241019097146,2185.689860347099,22.665104695754373,3474.228674108868,0.04755157517870943,0.06850548843046374,6.4,1.43,7.5,0.81
316,114.84375,0.31751388,0.916381,0.122090004,2427.428797359802,3184.299686351401,23.162030513975893,5221.993275087007,0.05339133293857953,0.009257698699815369,2.8,1.33,3.5,1.96
317,139.6748310810811,0.43576583,2.942382,0.20267515,2848.425184537407,2597.9719326716877,20.515916331681318,5250.876300572796,0.08906028454498582,0.008642873001277628,6.1,1.7,4.3,1.35
318,143.5546875,0.4544437,4.629289,0.16908856,2086.031455785962,2057.913349035439,21.790162787224116,3949.595488794436,0.07279780376577795,0.03457693529551733,5.9,1.7,5.9,1.45
319,103.359375,0.29928604,-11.486295,0.08252586,1159.7989072152927,1574.3045425888197,26.875810825907507,2166.2435651102087,0.025112937854472803,-0.01647247501983914,4.5,1.96,6.6,0.8
320,95.703125,0.48028022,10.2623625,0.31567866,2314.460060814276,2606.9106092450843,20.69616638306352,4652.376490900522,0.059106325728280486,-0.005407465719651805,7.4,1.28,6.6,1.43
321,147.65625,0.44151455,3.2847009,0.17576948,2193.1076341842536,2145.4884119241024,21.727034628821368,4061.105530634177,0.07617690623390005,-0.0011947547846594723,7.3,0.78,6.0,1.73
322,139.6748310810811,0.40157473,-3.9232013,0.119511686,1590.1887024737748,2009.3463197112749,21.986592521501947,3061.076286587133,0.03974171657650696,0.01106197425169613,6.1,1.22,7.6,1.02
323,147.65625,0.40373018,-5.165764,0.0714304,1426.2946142856931,2018.3669473809655,23.848394930222497,2845.408230314675,0.028926289797628256,0.007088109554969751,4.82,1.4,5.73,1.48
324,80.74951171875,0.45190874,-0.6940672,0.1255924,1502.6475110008403,2238.1825211266246,25.435991324666603,3177.9113863866887,0.029238764248454403,-0.018325982377755123,3.3,1.68,4.7,1.42
325,84.72079918032787,0.35744885,-0.09223714,0.1498885,2017.5331799608741,2373.146399808715,23.74439338983496,3802.0953043430973,0.05225163238753545,0.05255451588388896,5.5,1.75,5.4,2.06
326,87.5926906779661,0.5154665,3.602874,0.13642754,2412.007403184534,3086.2367984470725,23.273063942311694,5449.87107562355,0.042957420968677495,0.046502744780130015,5.4,1.56,7.2,1.25
327,126.04801829268293,0.41498685,-2.4056609,0.12846468,2738.095510781052,3228.899309479451,24.50703899412897,5847.202080515843,0.058542305633371976,-0.01052778439205773,6.0,1.34,7.1,1.3
328,120.18531976744185,0.49206826,7.308311,0.24365813,2023.222523006436,2656.1018036472965,20.79652587116793,4295.580035862636,0.042604866008178775,0.03626375810677433,5.2,1.6,4.2,2.09
329,178.20581896551724,0.39595002,-1.48429,0.13984635,1724.8638997875437,2801.762488956285,21.946360086509692,3423.157559636021,0.02430001691802011,0.028380255746244636,3.3,2.28,4.2,2.23
330,129.19921875,0.55665785,3.3580432,0.17445967,1830.0762240788335,1559.2741789290956,19.933532493344597,3536.802244960847,0.07166568985241041,-0.005749455366159481,5.9,2.3,3.1,1.87
332,120.18531976744185,0.6791672,10.792824,0.24973084,2804.5187422828308,3604.985227154898,21.54760418698568,6691.695256653304,0.04462213924040443,0.029445961377022444,5.5,1.12,6.9,0.83
333,93.96306818181819,0.52861595,0.9448605,0.10761204,2228.7037537476963,2498.2844480607746,20.462356091392945,4100.562486405162,0.06072297849800206,0.012200216027262824,6.7,1.55,6.1,1.7
334,63.02400914634146,0.3715062,-4.798348,0.13480712,1063.0907765239915,777.9635873361893,21.693344490735797,1890.147821200696,0.04398811106277391,0.013311707876570652,5.9,1.64,5.9,1.92
335,147.65625,0.4481308,6.100977,0.16460696,2405.036865877704,2962.754271519073,21.60778729375548,5081.602786035382,0.05511624089649394,0.0006981299499176597,6.8,1.47,6.8,1.33
336,99.38401442307692,0.43300733,4.480388,0.16995618,2620.4028701482334,3205.818630071452,22.010856787891427,5625.590918421561,0.05229804124001803,0.024075361187244522,6.1,1.51,6.6,1.5
338,114.84375,0.53022116,-4.300477,0.055837523,1738.3413428530314,2462.136105256456,21.31038613388148,3932.9154808947214,0.02945032043535705,0.041135547437097186,3.0,0.77,3.8,1.47
339,132.51201923076923,0.5574072,9.036789,0.2301203,2097.3801341665157,2979.820246757806,21.41043262178511,4686.611245109641,0.035011224682831014,0.033857097699165034,5.9,1.58,6.9,1.14
340,139.6748310810811,0.45424357,-14.7417755,0.028678175,1860.6811907306594,2337.3112451175994,22.84883634708345,3634.9677674000195,0.03997654941879186,0.017678846376910733,3.8,2.36,4.6,1.91
341,184.5703125,0.37560102,-9.099123,0.05898579,1131.0156905455713,1823.307787336161,23.741787358300872,2001.6060830636593,0.0222754107499356,0.02991583632137118,3.8,1.78,4.4,1.69
342,120.18531976744185,0.5331821,4.189648,0.19085106,1057.9480152534861,1748.4191427373503,27.607893620902317,1995.010776903014,0.02079987562789799,0.13913669410738583,4.0,2.05,5.1,2.12
343,151.99908088235293,0.39407474,4.9786587,0.21562394,1564.0251726917502,2101.215349184486,23.25963189631946,3092.260119090777,0.036821239970030936,0.02528044681491125,7.0,1.73,8.1,0.83
344,114.84375,0.35509318,-0.3680424,0.14096998,1186.1303179072004,2008.8163048445556,25.53126228481984,2061.557360594571,0.02454185584106131,-0.004364028741296402,4.6,1.74,5.2,1.6
345,184.5703125,0.48144946,9.632006,0.302473,2346.245985924125,2678.2758591967295,20.43169389728545,4801.05006882728,0.059413715344860896,-0.00041694731957571586,7.2,1.54,6.5,1.86
346,79.50721153846153,0.62486243,10.502635,0.26584253,2101.3685064903175,3135.599593369745,21.6075251025394,5014.196607539606,0.028226857330306544,-0.02402778998072661,6.7,1.0,7.3,1.55
347,147.65625,0.3770972,-4.856421,0.11873862,1341.7813767784792,1402.9444536155856,23.472583101443664,2527.6103714615037,0.04031084762703121,0.01700880671545971,3.82,0.94,5.82,0.94
348,107.666015625,0.4178228,4.6400967,0.16413715,3052.987141101887,3342.085005262221,22.987521538504588,6510.576722795112,0.07298546879024988,0.01900203634570297,5.0,1.55,5.7,1.73
349,105.46875,0.39035755,-5.535565,0.1428862,1710.7409174260454,2244.2969036873706,23.30892130817527,3516.6068871447214,0.0334427969515339,0.10827840628986721,4.6,1.69,5.8,1.89
350,135.99917763157896,0.4443918,5.8896103,0.23074317,3245.9013765962072,4188.407129812739,23.334033716805536,8079.011528569358,0.05239967216479907,0.013440337650729283,6.0,1.9,6.5,1.8
352,126.04801829268293,0.29581448,-6.5009036,0.24687384,1749.7782497627552,2198.768289908251,22.99481795010428,3126.108556921368,0.0391506723740984,0.04413000788156829,5.5,1.36,4.5,1.43
353,107.666015625,0.3970118,-6.6112924,0.0729143,1287.099918981161,1287.697422715534,24.16638418281304,2593.508463038543,0.040013277426262234,0.009396426172275166,4.0,1.95,4.8,2.04
354,86.1328125,0.40992865,-0.10677101,0.24402076,2437.354785977052,2602.312888329804,22.02133519843661,4320.024629314095,0.07308559511149781,0.024103556728916505,7.1,0.94,6.4,1.28
355,78.30255681818181,0.29790023,-16.543386,0.11474228,1896.9133707452881,2009.2262306335263,23.542829010521682,3465.348030573802,0.04716869827891551,0.011638663868024129,5.1,1.81,6.5,1.2
356,120.18531976744185,0.6931322,10.573193,0.29277763,1180.8794143743619,2282.5516430450048,21.252294196028505,2226.9836142774343,0.014452722501287997,-0.06114878292867731,4.6,1.85,5.6,1.36
357,156.60511363636363,0.4625856,5.432649,0.20354661,2550.526363035973,3107.9130387877963,21.85028140264611,5717.082070493624,0.057069915032521894,-0.009182209234446275,4.8,1.4,6.5,1.2
358,114.84375,0.3979444,-7.571505,0.07544592,2236.34064380203,2402.390000733441,22.544543054125185,4119.758623658643,0.06233094567704305,0.036535388466919234,5.6,1.43,4.2,1.6
359,135.99917763157896,0.5852614,-3.7830324,0.051000245,1353.3526865281058,2382.211689513998,21.306714068267954,2805.234986294919,0.016102841439657394,0.1785121843589988,2.5,1.12,3.7,1.62
360,120.18531976744185,0.5422133,7.843572,0.20870955,1243.9170546426972,2030.211634818463,22.67500816276943,2574.0421304016822,0.019147069960041247,-0.04511516283785274,2.5,1.36,5.5,1.57
361,132.51201923076923,0.30944753,-2.0080976,0.17303191,1194.3448207381086,2255.5465009906106,23.937753054766187,1788.1662603320765,0.022322345683488013,0.0001421980321989918,2.55,1.3,3.36,1.61
362,90.66611842105263,0.54790604,6.4216433,0.1708269,1272.1005646551262,2317.6193805454027,23.043979367171023,2672.441353422044,0.015460855994010819,-0.034316969110983156,4.0,1.67,5.9,0.83
364,120.18531976744185,0.594094,9.002883,0.21891233,1424.5293823893496,2388.895493773561,22.60078734164093,3166.5179811268354,0.01719839262139361,0.00879587796200864,5.5,1.43,6.5,1.12
365,112.34714673913044,0.30317485,-4.486364,0.12761305,1656.5351374127908,2161.7211193261287,22.5399340783113,3256.415403857309,0.03831151110144367,0.009340530876551349,6.0,1.55,7.1,0.83
366,99.38401442307692,0.479988,7.681387,0.2086992,2263.653692900764,2539.292830579767,20.51432164867011,4510.168777772411,0.05836319370653014,0.030833683141434573,6.9,0.94,6.1,1.3
367,101.33272058823529,0.384919,-7.2199836,0.06444781,992.4530817098888,1433.4771797118137,22.49314148940735,1712.1115258524924,0.024713169355358063,0.07831561171622976,3.1,1.58,2.7,0.64
368,191.40625,0.4245782,-5.54661,0.06371786,1386.6679865310507,1571.1511504922214,22.32295685621619,2451.354498984919,0.041024436468806394,0.0029186883684787024,4.8,1.83,6.1,1.58
369,68.90625,0.3459652,-4.0407434,0.109337576,1891.8575123628368,2803.992617156941,24.80157771909676,3731.612022435278,0.031686836883371976,-0.03618479261227357,2.9,0.7,3.4,0.8
370,112.34714673913044,0.39074153,-8.983723,0.105330065,769.6203295771298,791.8203807417586,23.482254053576835,1498.975175826566,0.025402079909448313,0.024874953576491655,3.8,1.89,3.4,1.8
371,132.51201923076923,0.38010842,-1.8171922,0.12058482,1762.0127528756636,2198.9097421146776,21.50253235447931,3185.9045202617854,0.0509957063449897,0.00018536290293372397,5.2,1.6,6.6,1.02
372,95.703125,0.35536572,-13.54576,0.032203794,2161.3917811018814,2630.9674869256073,24.127478209575845,4433.83185314432,0.052173895543534264,-0.026191511156190016,3.6,1.2,4.8,1.72
374,105.46875,0.5771207,9.777932,0.27688473,2890.822500203119,3009.7697079184927,20.27061349754021,5271.532410092807,0.08389563092130704,0.0072835757667293,7.0,1.0,4.9,1.14
375,114.84375,0.38493234,-5.0143447,0.10270949,1861.8080851890998,2994.571304723037,23.74435693963666,4143.577365786805,0.02526559883758372,-0.02374856979518098,1.9,0.7,2.8,1.66
376,129.19921875,0.50032675,4.109707,0.21240899,1673.8277839660761,2278.9644517877823,20.609519843188483,3611.3322757679675,0.028065103160419887,0.0018157367989886952,5.0,1.48,5.9,1.14
378,120.18531976744185,0.5155705,-1.7659321,0.14485726,2136.516088149905,2670.0231833347225,21.789206203187636,5045.070849835781,0.035084051793534264,0.015006789625393193,5.5,1.8,5.9,1.64
379,120.18531976744185,0.39260063,-5.076666,0.09680442,616.1058075346448,646.4659067889721,21.820663326161185,1225.6064649343123,0.01852148135625966,0.01075757457278269,1.9,0.94,2.9,1.14
380,151.99908088235293,0.45222807,9.054522,0.32153773,2050.8966926979056,2832.856094903014,22.004068108416806,4502.637738362819,0.03732261254511472,-0.03417539543990555,5.6,1.28,4.8,2.04
381,101.33272058823529,0.5936962,-0.5550399,0.23628502,2235.929553697975,2282.3805471570467,20.310995971155876,4413.834786470417,0.06057708575019335,-0.000851427483537205,6.0,1.67,6.7,1.1
383,117.45383522727273,0.4233178,3.726653,0.23922752,758.1845220900543,962.7577318638781,24.957173129831943,1343.0704322742206,0.01999625579747488,0.10089471887356702,4.2,2.09,3.6,1.56
384,112.34714673913044,0.7517058,5.789282,0.3042471,2154.8355129435095,3194.99078832659,21.964148733928067,5236.101757208752,0.01653816895285935,-0.005590185536660869,3.6,1.36,4.1,1.58
386,82.03125,0.46450987,4.5129476,0.21951875,1730.829546299387,2378.144064304083,21.24571185311177,3636.231726882569,0.0312736528922958,0.01720418748259875,5.0,1.1,5.5,1.75
387,129.19921875,0.5864456,-0.4084787,0.14847215,1650.6513287280382,2112.909147071538,20.06465883890652,3675.049922418373,0.025397920289155076,-0.018287029007621986,6.2,2.27,6.2,2.52
390,99.38401442307692,0.5919024,7.495089,0.22800882,2625.14796384578,2846.2454906061002,20.30357378885687,5283.928296294954,0.06333419433971385,0.026134043424830694,5.7,1.0,6.2,0.6
391,129.19921875,0.41100612,-1.6874622,0.2189474,3235.500233383418,3608.1540512681618,21.936097228697754,7109.018939576893,0.06824353083945131,0.013645246604266623,5.5,1.57,6.1,0.94
392,86.1328125,0.4993468,-2.345942,0.07378711,1568.4297246137703,2268.2051188242867,21.14901591019333,3288.55610630796,0.029734592349304482,0.014587401232985677,3.4,1.69,4.8,1.47
393,135.99917763157896,0.47029355,0.70159805,0.19565204,2371.525296044838,2994.5547051771364,21.71084503103893,5179.815064892691,0.043675681554524365,0.030655289661925933,6.0,0.77,6.4,0.66
395,117.45383522727273,0.57761514,-4.552464,0.17095383,3942.389741617491,3249.4566015611445,21.224496701149477,7464.632803436775,0.11201617483565351,0.028261965886184893,6.7,1.27,6.2,1.4
397,156.60511363636363,0.48182485,6.914905,0.20379983,2372.759826946447,3127.813182267042,21.589052248950424,5360.057800717807,0.04170531125128899,0.0016794520939754655,7.0,1.26,7.0,1.34
399,126.04801829268293,0.44915673,7.7657623,0.24843459,2335.5369879707564,3230.203165510086,22.17434209398998,5191.898229206917,0.03790468729875064,-0.03366050551889928,6.7,0.9,7.0,1.0
400,117.45383522727273,0.4157412,-12.171412,0.091731094,3298.2051306162534,3121.0113352713774,20.77319243616027,6527.7080916473315,0.09981103175754061,0.003935462132310668,5.1,1.7,5.6,1.11
401,87.5926906779661,0.5157956,-1.490504,0.16649675,2149.710394559426,2640.7356535429153,21.983020761548744,4452.963100194254,0.053102002796943513,-0.007310890138835966,5.5,1.43,6.4,1.2
402,126.04801829268293,0.4551043,5.3070197,0.20059744,2374.9337013720947,2743.855937222844,20.56831615372159,4789.440333087809,0.05486258693972179,0.00022319098042996154,7.1,1.04,7.1,0.94
403,129.19921875,0.4178224,1.2405435,0.12294355,1521.628279840713,1871.6975705492105,20.300748506994196,3132.4154224425233,0.039582729585265326,-0.022631663540878713,5.1,1.64,5.2,1.66
404,126.04801829268293,0.7122572,-0.35918865,0.17886786,3478.538781570477,3582.931439237886,19.19375492337435,7164.066726236476,0.07448980772636528,-0.0024160157110765627,6.9,1.37,6.8,1.33
405,129.19921875,0.6308446,8.110371,0.20969377,3001.892081210126,3859.5791044721504,20.66883334138278,7302.06338449092,0.03406925191589387,-0.012590487360536902,6.1,1.92,7.4,0.92
406,147.65625,0.6921714,3.896937,0.13780831,2497.4734152415444,2693.495354097019,20.516696786695046,5255.122198608964,0.05280355446612571,0.018496042485212607,5.3,2.1,4.3,2.19
407,178.20581896551724,0.5634987,0.99517053,0.20505866,2030.1706991365825,2479.630398967404,21.25967481103411,4049.39595005796,0.04124127584041731,-0.005097716203830586,4.3,1.68,4.5,1.63
408,120.18531976744185,0.5230948,11.969077,0.37518448,2970.610709313198,3489.264630413895,20.494424386342903,6866.484737248841,0.06192090497810407,-0.006119726071778384,6.6,2.37,6.1,2.02
410,79.50721153846153,0.5798599,-3.5597987,0.05413676,1441.616702581364,2182.109983869847,21.314051888282325,2940.1309076748453,0.023323290990468832,0.06819632754385131,3.8,1.99,5.1,1.7
415,139.6748310810811,0.6022789,7.8194118,0.28344652,2812.0165868518407,3116.294884779703,21.875624280126384,5997.5327635585845,0.056641632025006446,0.024983138982014035,6.0,1.1,5.2,1.83
416,129.19921875,0.647518,8.164368,0.27767637,2850.283959382965,3748.2907446892077,20.624251189920795,7110.5055182573415,0.04782439383693972,-0.004626134260865559,5.5,1.75,5.2,1.6
419,79.50721153846153,0.29189447,-10.969643,0.07356393,1118.467544324735,1176.6828613417456,22.18295161028743,1877.382465344861,0.03917381605003864,0.032609013336219135,3.3,2.0,4.0,1.41
420,178.20581896551724,0.41667458,-1.2271088,0.13597158,2801.584779007916,3019.7857222846837,21.82097447513573,5751.645024814045,0.06491964616338228,-0.03946081609009305,4.5,1.28,5.4,1.28
422,83.35433467741936,0.38651192,-16.249285,0.03976169,1242.7571772434887,1874.678622909062,23.81526692290875,2098.943705020769,0.02964641997520608,0.10810246390479253,2.8,1.72,3.7,2.45
423,114.84375,0.65151614,13.89737,0.52582914,1498.8317638649924,2267.8024085296265,19.79401505499666,3221.965147133404,0.01884461235349047,0.03169947307254238,5.2,2.48,4.5,2.29
425,120.18531976744185,0.46265393,3.743589,0.17403674,3444.5762667704917,3499.6019999944315,21.157227479456047,7214.438446375097,0.0682230285613086,0.02837756259767595,7.1,0.7,6.8,0.87
426,120.18531976744185,0.4092191,7.4014745,0.25792006,2292.7117797606647,2896.7612215775234,21.714785528760636,4998.8260496160165,0.04408920578954147,0.01730816872734825,5.3,1.68,5.3,1.42
427,161.4990234375,0.59174216,6.6699405,0.2054293,3905.0523462974925,4542.121972384639,21.315155610067162,9671.861065291474,0.06482446547112658,0.02510500311067717,5.2,1.47,5.8,0.75
428,117.45383522727273,0.5643195,2.4276865,0.15836906,2392.424234923646,2827.3139252440656,20.550655120680673,5151.172629685085,0.05479856448834364,0.007351581720024999,6.6,1.02,6.6,0.92
429,172.265625,0.510569,-5.5012007,0.059816476,317.7823653671957,355.00818587978756,22.552070211119958,562.8530794170209,0.009888512888008759,-0.01650310629571389,3.3,1.1,4.3,1.9
430,129.19921875,0.48525506,6.463861,0.22467594,1006.9891849529524,2082.18341778644,20.837051957562117,1557.773754712877,0.01609691709364527,-0.04508935661504582,4.0,2.24,2.9,1.04
431,143.5546875,0.44126913,2.972434,0.23222582,2464.7213208691237,2529.7509003441073,21.517684494245223,4846.88587587007,0.06012329510666409,0.022480474229156007,6.1,1.76,5.5,1.91
432,105.46875,0.6125431,7.796086,0.244534,2116.6118858028444,3099.0567929315143,20.07357840883141,5186.837364957946,0.03209388695540088,-0.009210461087671899,5.3,2.0,5.3,1.68
435,92.28515625,0.47381532,-3.4565113,0.19369024,3261.7542474633997,3159.3112558496077,21.23352160036976,6211.036442195972,0.08787234439549445,0.025558889096166396,4.5,1.75,5.9,1.51
436,90.66611842105263,0.5517317,6.830162,0.19304594,2983.0962511159833,3139.2292996017086,21.88961784849604,6675.220858590127,0.06294174233642452,-0.01579579466177152,4.3,2.0,5.2,1.83
437,120.18531976744185,0.45349103,6.615835,0.16822141,1736.8897486975986,2157.154444299603,20.56590579415444,3486.276617742948,0.04389789312049201,0.09868797866411816,5.2,1.83,4.3,2.1
440,178.20581896551724,0.47555885,7.3853726,0.287914,2451.7034022391836,2951.9265846815697,21.51642151312953,5493.97878278352,0.05322731014135755,-0.010931947268765799,5.3,2.15,6.3,1.73
441,114.84375,0.48866993,1.876774,0.12697072,2898.3395376933427,3320.957674301182,20.80809671573559,6426.359370468387,0.06618306808294663,0.007640304979482396,4.6,1.69,5.1,1.51
442,135.99917763157896,0.4996519,1.4319372,0.15516897,1160.4041210790685,1577.2098791400565,21.968726856195538,2026.8300917198376,0.029422375491428204,0.006557977133575148,4.1,1.87,4.5,1.57
444,135.99917763157896,0.48840383,-0.57717705,0.09935942,754.4365081966197,1588.9425259335032,19.030331319418327,1104.7104979335847,0.014716915200438257,-0.008173874289790698,2.3,1.1,2.5,1.2
445,156.60511363636363,0.24495365,-25.489775,0.10911083,478.5134331218774,417.82379852070477,25.415954833523706,677.9353476381376,0.017853836617722822,0.03361192623627871,2.4,1.02,4.6,1.62
448,105.46875,0.5521598,8.006736,0.24966209,2215.247876149495,2786.040263407367,21.38747425725462,4845.25381561775,0.042002383628190254,0.021656867273706963,6.7,1.95,6.5,1.96
449,126.04801829268293,0.31503883,-27.167133,0.012478116,1965.9394572349222,2221.6137394877746,23.218054419321533,3778.824567684165,0.052919038210556844,0.07910541625915969,3.6,2.06,3.8,1.83
450,126.04801829268293,0.636968,-2.3268967,0.20440914,462.1624895208772,958.4816411275501,19.778645908803824,766.2735421766297,0.00853378740176501,0.0034372860195092366,4.1,2.02,5.0,1.73
451,120.18531976744185,0.54879385,4.388607,0.16848807,1093.5368634957972,1738.4351043218876,19.180817100767882,2188.7985111572643,0.019841425569938176,-0.0019413902544032431,4.9,1.3,4.4,1.8
452,99.38401442307692,0.4733376,2.0688362,0.18275094,1482.7795388765555,1944.4293066997918,21.672366118213823,2994.080401130216,0.029638621562660998,0.057413637045238886,5.45,1.53,6.75,1.44
453,114.84375,0.59506774,7.112356,0.23450027,2784.3536510165345,3149.6911538452464,20.92469032488748,5920.737802779656,0.0544136750949897,0.030440041805163395,4.6,1.8,5.6,1.2
454,99.38401442307692,0.6735186,2.5523956,0.1510026,2391.5646101587918,3323.703834603815,19.549990641754974,5684.016209578016,0.032978054911059554,-0.0024450169151600705,5.0,2.45,4.8,1.47
455,178.20581896551724,0.55628926,7.308115,0.23751156,3130.8690759430374,2857.8403952151175,21.351365763420905,6079.474452400503,0.08255676238086038,0.04262903147479318,5.4,1.74,5.7,1.19
456,120.18531976744185,0.64657223,4.5671787,0.16740388,4343.368387573049,3272.66778718996,19.503104620954982,7913.324568923879,0.1584772014667053,0.007836198764847946,6.1,2.7,2.3,1.27
458,120.18531976744185,0.67317635,1.4533126,0.10845767,3953.9850073810285,4057.775375418628,20.17470897947171,8617.763173782843,0.07890345766518547,0.029915717039773384,3.4,1.69,5.0,1.79
459,129.19921875,0.4569933,2.3135443,0.14954188,1407.8043587487095,1805.368484735074,21.58175635810437,2913.4168669097758,0.031786958437983,0.011721018434291656,6.3,0.78,6.1,1.22
460,114.84375,0.4125198,-5.2403417,0.16234428,1276.5053927446113,1658.6647966551914,21.57435875567263,2356.9316693030332,0.03025771489406234,0.026788306396532197,3.8,2.09,3.8,1.72
461,68.90625,0.55999225,2.6375134,0.15537576,1829.8876198625685,2125.3690797233567,21.507142300853648,4290.737561280429,0.026743523795723853,-0.07920317110883372,4.8,1.4,4.4,1.56
462,143.5546875,0.59739435,8.0370245,0.2299636,1352.9292278606026,1864.2778280971897,20.084058524968754,2870.172958727782,0.02427633247198609,0.035162049984724754,5.8,1.66,4.6,2.06
463,86.1328125,0.5416962,10.563819,0.34467855,3459.869280793281,3915.605327380702,22.900389570386672,7783.870191146639,0.06557383235123648,-0.02056385134510243,5.0,2.05,5.7,1.68
464,139.6748310810811,0.3978983,4.390931,0.2673309,2501.8107305538583,2529.1032401538364,24.09983040817965,4577.752638379057,0.055171756262879956,-0.014206060594156232,5.1,1.22,5.6,1.5
466,103.359375,0.67826074,8.448805,0.23957844,3211.772765152504,3257.1414585427,19.6011972828091,6773.512553431704,0.0774023890311051,0.00737928512304416,6.6,1.56,5.9,1.22
467,126.04801829268293,0.6362208,4.770151,0.18912488,3676.35090877438,3656.784293249278,21.527301592721315,7569.63978212007,0.07218808407450374,0.01751261747226545,5.7,2.19,6.8,1.17
468,80.74951171875,0.610735,-5.158243,0.05054132,637.4358773284201,942.8679134120248,23.8354562381619,1181.9891060034802,0.015439707398814128,0.007505595386067032,3.6,1.62,3.4,2.15
469,112.34714673913044,0.6519797,0.49262765,0.18773794,2619.273845332295,2963.9085136021,19.419979163928833,5388.180308330917,0.051548728933036865,-0.007635314390495453,5.1,1.58,5.3,0.9
472,114.84375,0.58993405,1.7753263,0.11632216,3887.5384393236013,3929.5450713073888,21.08033839978734,8345.458569298204,0.0989651254990984,-0.006170618534811174,6.5,2.11,5.2,1.54
473,68.90625,0.6401257,6.0159893,0.29163852,3621.62519020853,3651.073410774358,21.564620980821058,7572.692814492369,0.0714451565317491,-0.024183357574646246,7.1,1.22,5.5,2.2
475,135.99917763157896,0.5766826,7.7481318,0.27174443,2350.515627591477,2926.772874736697,20.211757217225752,5189.78506561775,0.04135587357405259,-0.008278711384714504,5.6,2.01,5.0,2.0
477,172.265625,0.4588154,-5.587256,0.24608937,2052.1363323136634,2038.0592908438243,23.625589380310668,3888.6513098314335,0.06978157904269706,0.010093693693833911,7.1,1.51,7.2,1.17
478,126.04801829268293,0.40281287,-17.29059,0.043631908,961.5859170499435,1121.7684096943024,20.60025766640174,1603.837822650812,0.026483498888244392,0.011133355177586552,2.8,1.17,3.2,1.08
479,191.40625,0.42777118,-0.6756362,0.21062967,2116.1545297797916,2574.7126909748617,23.531089638332503,4273.688551334107,0.042297190198827016,0.0398500526472734,4.5,1.8,5.7,0.9
480,0.0,0.51059794,-2.5733476,0.10107244,324.8780419640565,513.6340777923667,21.24018588695131,501.242341574826,0.008445541094676464,0.19610093412776178,2.7,1.62,4.1,1.14
481,114.84375,0.36769432,-5.6209836,0.08116027,1047.002346971449,1275.3931787835952,23.70154800160325,1925.5354113335588,0.03160432464741113,-0.03072639997905647,3.4,1.56,4.7,1.95
482,107.666015625,0.36658055,-13.26972,0.048733275,1627.0199702156162,2404.311544609128,20.23534416388399,3292.3928953378772,0.027612122164217583,0.05190180292343718,1.9,0.7,3.5,2.2
484,129.19921875,0.6035236,-3.3372076,0.15087882,3267.5098389424384,3233.7320328351248,20.582378956040337,6370.7052003839835,0.06941756927002833,-0.0030830955613453774,6.4,1.28,6.5,1.28
485,56.17357336956522,0.36616647,-1.6374636,0.112088196,591.3635486552814,641.4534253424691,22.154813663092998,1087.623826312355,0.019821650836233565,-0.06140607792536877,2.6,0.92,3.7,1.42
486,64.599609375,0.54092014,10.403894,0.35872915,1819.363927917828,3119.455133849168,20.51012168931238,3783.131958196484,0.019411632414026277,0.04486022836862508,6.2,1.83,5.7,1.62
487,68.90625,0.45858195,-5.6295495,0.17515405,1974.9841375017716,2605.498705026756,21.65479167193571,4144.9918343073805,0.03680951345955693,-0.005830551021088569,4.5,1.57,5.3,1.19
488,95.703125,0.3476526,-17.632633,0.024077727,1118.7591682553236,2091.864000566835,22.060868208107095,1634.3601327038255,0.021640343250901597,-0.09210668487690718,1.6,0.8,3.4,1.28
489,95.703125,0.43748486,-3.7688596,0.121136986,2557.3145848740833,3181.376374264063,22.764267368742974,5760.331525610993,0.04738768273441525,0.05341303413799136,4.6,1.74,5.2,1.78
490,172.265625,0.51811457,-9.359362,0.060427934,1936.399560059827,2410.9860931964877,21.03687389102153,3991.2196918469863,0.04254298183120814,0.00823637158993506,3.9,1.51,3.7,1.68
492,139.6748310810811,0.4934303,3.157941,0.16196856,1434.1684773346647,2279.1503164715323,22.40345426973167,2788.8245903422276,0.027749077565094097,-0.007829123301677367,4.4,1.91,4.8,1.72
493,129.19921875,0.41905624,0.70625657,0.13700408,988.5374393893488,1508.098775804545,20.10515103317099,1793.4739739301585,0.021373436292503864,0.07741828545398137,3.7,1.55,4.9,1.14
605,120.18531976744185,0.4128729,-0.2477405,0.13756323,2306.0745211430067,3254.8582713786336,22.573057713569387,5119.544004177937,0.03836592566653787,0.02540825395563312,4.4,1.74,6.0,1.55
606,120.18531976744185,0.53316176,4.561904,0.14508918,1745.0257562455783,2386.58972770843,22.252360950824883,3411.2843797305786,0.039838264541999485,0.003951938350195175,4.1,1.76,5.6,1.5
607,147.65625,0.4112008,-8.539628,0.073136136,1354.1947700378719,1992.4565033865313,24.55999587057822,2478.477786035383,0.029040083623356534,0.1143780832498129,4.4,1.74,6.1,1.3
608,139.6748310810811,0.45464867,-8.291975,0.07183094,867.2873994134882,1014.5407942638459,21.739073396862818,1736.406635187065,0.022112255091518433,0.007047150022959018,2.9,1.64,3.8,1.89
609,143.5546875,0.5824917,8.560428,0.22233807,2102.72318438224,2768.470815380379,20.299641886034596,4817.3367033425175,0.037479456689868525,-0.011352294206484,5.3,1.82,5.55,1.69
610,120.18531976744185,0.5518032,5.3640676,0.17814259,1461.3893262752927,1914.0245458924564,20.853887795690632,3074.50541712954,0.022030389659003093,-0.0024553344130080926,6.3,1.35,6.5,1.75
611,126.04801829268293,0.6076795,6.3806643,0.16149639,1871.5920757511062,2351.143741635222,19.972193433866842,3753.2278676044084,0.03931878786414024,0.04376395032756636,5.1,1.58,4.8,1.72
612,120.18531976744185,0.350887,-11.725441,0.08203768,2511.0075163876622,2559.4954177296977,23.108664754263017,5114.646060241982,0.07440716970955694,0.05500098359858336,5.6,1.2,6.6,0.49
613,126.04801829268293,0.3491915,0.43646157,0.14770493,1665.6060595057331,2262.90297603176,24.27492595039451,3222.5196218822507,0.039354914886246456,0.13478320357927637,5.2,2.18,6.8,1.4
614,143.5546875,0.43279463,1.7139552,0.1480695,2076.9092982605216,2473.665469998793,22.413862418347232,4102.5577786901085,0.0498438053435729,-0.0309972767923907,4.3,1.49,3.7,1.35
615,79.50721153846153,0.36194193,-17.387026,0.042640634,2327.9273561752457,2547.46629446482,22.827510195219016,4313.468902446387,0.06162028875257599,-0.008487649452063699,3.2,1.72,5.0,0.77
616,112.34714673913044,0.4656349,-5.7225857,0.084318876,1461.6680676653166,2342.800064966554,23.60685657505257,2884.816868117272,0.02086729416215868,-0.024995591096710085,3.5,1.43,5.0,1.18
617,109.95678191489361,0.6568515,9.125679,0.26502565,4312.576969027785,3947.9664799262496,19.772451808936793,8652.381597457013,0.10427873740179032,0.015176524655633305,6.5,1.69,3.0,1.34
620,143.5546875,0.60798687,6.982652,0.19129607,2028.597573846608,2808.53847896219,21.24296081283303,4699.851779849305,0.03293055790346471,0.006100140245968928,5.8,1.25,4.4,1.56
621,166.70866935483872,0.33189654,-14.474149,0.021719282,1289.6409712803002,2159.554372131805,21.663795807461458,2338.227403219185,0.01960546070002576,-0.011985530859685116,2.9,1.22,4.4,1.11
622,95.703125,0.54981756,2.5459476,0.12322781,1134.825933045327,2006.2892426822848,20.83059712984271,2225.868680267098,0.014190217872552808,0.002876495454150371,4.5,2.11,5.0,1.79
623,120.18531976744185,0.3263116,-2.3860312,0.087621726,1843.805355990422,2368.660009505848,23.489172901944382,3665.618429161833,0.0458805628061356,-0.012408194772335766,3.8,1.66,5.9,1.58
625,129.19921875,0.5150422,-8.261955,0.041233167,957.282187924368,1734.2217458490784,23.355121614673937,1608.4559445034777,0.016307109535999485,0.050745828279615164,3.1,1.45,4.4,1.2
628,120.18531976744185,0.42673928,2.4454238,0.1521908,1226.9069602871616,2047.0936422361222,23.21243385356346,2292.1545579960393,0.021221618809569808,-0.008635193044559574,4.9,2.07,6.8,1.66
629,135.99917763157896,0.45781422,7.3871665,0.2313244,3480.442290100347,3819.918826782333,21.608807089661006,7796.7626160092805,0.0791819986223898,0.022655138470447467,7.4,0.92,7.6,0.8
631,90.66611842105263,0.52368075,9.502893,0.2654523,3071.847093538058,3837.736212378932,21.91624960153419,7315.930722927937,0.05704740026081916,0.006850199849325718,7.6,1.5,3.1,2.34
632,97.50884433962264,0.5098675,8.217063,0.21617837,2435.444081212479,3184.326195513161,22.140496659143377,5659.268846976508,0.03818538121938644,-0.014631388954934058,4.2,2.09,5.4,1.8
634,143.5546875,0.62113696,-2.810329,0.062394764,2389.0579058766643,3211.7318362159253,22.00010547291149,5603.136924024343,0.03159300437113601,0.014722214959887275,4.7,2.33,5.8,1.54
635,151.99908088235293,0.5393778,5.1577106,0.16947018,3166.4610546152753,3512.476559158411,21.945322300132585,7091.331542088057,0.06874675401797217,-0.005763591910726352,6.6,0.92,7.6,1.02
637,139.6748310810811,0.22350909,-12.585388,0.06837313,706.3761847528789,558.7473784641741,24.444196623536833,985.7791670691654,0.03373530376577795,0.031492842644335876,2.2,0.87,3.6,1.96
638,95.703125,0.35961458,-20.355223,0.038720343,556.863787692865,439.8065707884999,23.591373996033287,903.1908462736669,0.02053410069712777,0.06737567565758794,3.2,1.47,4.4,1.62
639,178.20581896551724,0.4574302,2.7035224,0.13681492,3889.09834693481,3896.4237425676833,21.677448981031606,8370.526165530742,0.08508757089456045,-0.025259950517839427,6.1,0.94,6.3,1.1
640,101.33272058823529,0.49952725,6.48014,0.20234343,2700.2674277502742,3396.5202670782855,22.073189655113307,6079.613125784873,0.052437909542439466,0.006562312927353151,7.6,0.8,7.8,0.75
643,126.04801829268293,0.34128332,-8.217012,0.102933735,2735.8632605546795,3197.5193015106124,23.424499476846144,5899.736826602379,0.07186822775683166,0.05105167168406589,3.5,1.12,4.2,1.72
644,198.76802884615384,0.4414512,-2.2256706,0.080380745,2858.647668414412,3574.1308636894646,20.760138620498612,6772.802545703728,0.05190485031072901,0.0024812613890632254,4.3,1.62,5.6,1.96
645,90.66611842105263,0.48221472,3.9437475,0.13403395,1949.9659597619957,2658.2805754012206,22.09176510453325,4242.340781793793,0.03464719885924207,-0.005800296397740971,4.6,1.91,5.7,1.68
646,66.25600961538461,0.589023,-2.5846143,0.13416281,301.34027425012465,635.7430475064667,23.203537712592563,424.3017276250966,0.0069531652498712,0.07168308166023644,3.1,1.3,3.8,1.4
647,87.5926906779661,0.51716757,3.0108836,0.15066247,2158.508518786602,2846.81105202452,21.705918536344345,4827.88059523522,0.029466050239889234,-0.0186603068099163,3.0,1.0,5.8,0.87
